src\services\appearance_service.py:10: error: Missing type arguments for generic type "dict"  [type-arg]
src\services\appearance_service.py:12: error: Missing type arguments for generic type "dict"  [type-arg]
src\services\appearance_service.py:16: error: Missing type arguments for generic type "dict"  [type-arg]
src\services\appearance_service.py:20: error: Missing type arguments for generic type "dict"  [type-arg]
src\services\temp_voice_service.py:12: error: Missing type arguments for generic type "dict"  [type-arg]
src\services\temp_voice_service.py:16: error: Missing type arguments for generic type "dict"  [type-arg]
src\services\temp_voice_service.py:29: error: Missing type arguments for generic type "dict"  [type-arg]
src\services\temp_voice_service.py:37: error: Missing type arguments for generic type "dict"  [type-arg]
src\services\temp_voice_service.py:39: error: Returning Any from function declared to return "dict[Any, Any] | None"  [no-any-return]
src\services\temp_voice_service.py:65: error: Missing type arguments for generic type "dict"  [type-arg]
src\services\temp_voice_service.py:67: error: Returning Any from function declared to return "dict[Any, Any] | None"  [no-any-return]
src\services\temp_voice_service.py:69: error: Missing type arguments for generic type "dict"  [type-arg]
src\services\osu_service.py:16: error: Missing type arguments for generic type "dict"  [type-arg]
src\services\osu_service.py:22: error: Skipping analyzing "ossapi": module is installed, but missing library stubs or py.typed marker  [import-untyped]
src\services\osu_service.py:37: error: Missing type arguments for generic type "dict"  [type-arg]
src\services\osu_service.py:43: error: Returning Any from function declared to return "dict[Any, Any]"  [no-any-return]
src\services\osu_service.py:73: error: Function is missing a return type annotation  [no-untyped-def]
src\services\audit_log_service.py:17: error: Missing type arguments for generic type "dict"  [type-arg]
src\services\audit_log_service.py:20: error: Missing type arguments for generic type "dict"  [type-arg]
src\services\age_guard_service.py:21: error: Missing type arguments for generic type "dict"  [type-arg]
src\services\age_guard_service.py:26: error: Missing type arguments for generic type "dict"  [type-arg]
src\services\age_guard_service.py:42: error: Missing type arguments for generic type "dict"  [type-arg]
src\services\age_guard_service.py:51: error: Missing type arguments for generic type "dict"  [type-arg]
src\services\age_guard_service.py:53: error: Returning Any from function declared to return "dict[Any, Any]"  [no-any-return]
src\services\achievement_service.py:15: error: Missing type arguments for generic type "dict"  [type-arg]
src\services\achievement_service.py:128: error: Missing type arguments for generic type "dict"  [type-arg]
src\services\achievement_service.py:133: error: Missing type arguments for generic type "dict"  [type-arg]
src\services\achievement_service.py:149: error: Missing type arguments for generic type "dict"  [type-arg]
src\services\achievement_service.py:170: error: Returning Any from function declared to return "list[str]"  [no-any-return]
src\services\achievement_service.py:176: error: Missing type arguments for generic type "dict"  [type-arg]
src\services\achievement_service.py:188: error: Missing type arguments for generic type "dict"  [type-arg]
src\services\petition_service.py:21: error: Missing type arguments for generic type "dict"  [type-arg]
src\utils\database_manager.py:15: error: Need type annotation for "_pool"  [var-annotated]
src\utils\database_manager.py:20: error: Call to untyped function "_initialize_database" in typed context  [no-untyped-call]
src\utils\database_manager.py:22: error: Function is missing a return type annotation  [no-untyped-def]
src\utils\database_manager.py:22: note: Use "-> None" if function does not return a value
src\utils\database_manager.py:71: error: Returning Any from function declared to return "Connection"  [no-any-return]
src\utils\database_manager.py:81: error: Returning Any from function declared to return "Connection"  [no-any-return]
src\utils\database_manager.py:83: error: Function is missing a return type annotation  [no-untyped-def]
src\utils\database_manager.py:97: error: Function is missing a return type annotation  [no-untyped-def]
src\utils\database_manager.py:100: error: Function is missing a type annotation  [no-untyped-def]
src\utils\database_manager.py:102: error: Statement is unreachable  [unreachable]
src\utils\database_manager.py:105: error: Function is missing a return type annotation  [no-untyped-def]
src\utils\database_manager.py:179: error: Returning Any from function declared to return "int"  [no-any-return]
src\utils\database_manager.py:185: error: Missing type arguments for generic type "Dict"  [type-arg]
src\utils\database_manager.py:185: error: Incompatible default for parameter "metadata" (default has type "None", parameter has type "dict[Any, Any]")  [assignment]
src\utils\database_manager.py:185: note: PEP 484 prohibits implicit Optional. Accordingly, mypy has changed its default to no_implicit_optional=True
src\utils\database_manager.py:185: note: Use https://github.com/hauntsaninja/no_implicit_optional to automatically upgrade your codebase
src\utils\database_manager.py:207: error: Incompatible default for parameter "metric_name" (default has type "None", parameter has type "str")  [assignment]
src\utils\database_manager.py:207: note: PEP 484 prohibits implicit Optional. Accordingly, mypy has changed its default to no_implicit_optional=True
src\utils\database_manager.py:207: note: Use https://github.com/hauntsaninja/no_implicit_optional to automatically upgrade your codebase
src\utils\database_manager.py:208: error: Missing type arguments for generic type "Dict"  [type-arg]
src\utils\database_manager.py:239: error: Incompatible default for parameter "user_id" (default has type "None", parameter has type "str")  [assignment]
src\utils\database_manager.py:239: note: PEP 484 prohibits implicit Optional. Accordingly, mypy has changed its default to no_implicit_optional=True
src\utils\database_manager.py:239: note: Use https://github.com/hauntsaninja/no_implicit_optional to automatically upgrade your codebase
src\utils\database_manager.py:240: error: Incompatible default for parameter "guild_id" (default has type "None", parameter has type "str")  [assignment]
src\utils\database_manager.py:240: note: PEP 484 prohibits implicit Optional. Accordingly, mypy has changed its default to no_implicit_optional=True
src\utils\database_manager.py:240: note: Use https://github.com/hauntsaninja/no_implicit_optional to automatically upgrade your codebase
src\utils\database_manager.py:241: error: Missing type arguments for generic type "Dict"  [type-arg]
src\utils\database_manager.py:241: error: Incompatible default for parameter "details" (default has type "None", parameter has type "dict[Any, Any]")  [assignment]
src\utils\database_manager.py:241: note: PEP 484 prohibits implicit Optional. Accordingly, mypy has changed its default to no_implicit_optional=True
src\utils\database_manager.py:241: note: Use https://github.com/hauntsaninja/no_implicit_optional to automatically upgrade your codebase
src\utils\database_manager.py:275: error: Returning Any from function declared to return "int"  [no-any-return]
src\utils\database_manager.py:304: error: Function is missing a return type annotation  [no-untyped-def]
src\utils\database_manager.py:305: error: Function is missing a return type annotation  [no-untyped-def]
src\utils\database_manager.py:305: note: Use "-> None" if function does not return a value
src\utils\database_manager.py:315: error: Incompatible types in assignment (expression has type "Task[Any]", variable has type "None")  [assignment]
src\utils\database_manager.py:315: error: Call to untyped function "cleanup_loop" in typed context  [no-untyped-call]
src\utils\database_manager.py:321: error: Function is missing a return type annotation  [no-untyped-def]
src\utils\database_manager.py:321: note: Use "-> None" if function does not return a value
src\utils\database_manager.py:327: error: Incompatible return value type (got "DatabaseManager | None", expected "DatabaseManager")  [return-value]
src\utils\config_optimizer.py:11: error: Missing type arguments for generic type "Callable"  [type-arg]
src\utils\config_optimizer.py:18: error: Function is missing a return type annotation  [no-untyped-def]
src\utils\config_optimizer.py:18: note: Use "-> None" if function does not return a value
src\utils\config_optimizer.py:24: error: Incompatible types in assignment (expression has type "float | int", variable has type "int")  [assignment]
src\utils\config_optimizer.py:27: error: Function is missing a return type annotation  [no-untyped-def]
src\utils\config_optimizer.py:27: note: Use "-> None" if function does not return a value
src\utils\config_optimizer.py:33: error: Incompatible types in assignment (expression has type "float", variable has type "int")  [assignment]
src\utils\config_optimizer.py:41: error: Incompatible types in assignment (expression has type "Task[Any]", variable has type "None")  [assignment]
src\utils\config_optimizer.py:41: error: Call to untyped function "watch_loop" in typed context  [no-untyped-call]
src\utils\config_optimizer.py:43: error: Function is missing a return type annotation  [no-untyped-def]
src\utils\config_optimizer.py:43: note: Use "-> None" if function does not return a value
src\utils\config_optimizer.py:46: error: Statement is unreachable  [unreachable]
src\utils\config_optimizer.py:51: error: Missing type arguments for generic type "Dict"  [type-arg]
src\utils\config_optimizer.py:67: error: Incompatible types in assignment (expression has type "tuple[Any, float]", target has type "dict[Any, Any]")  [assignment]
src\utils\config_optimizer.py:69: error: Incompatible default for parameter "pattern" (default has type "None", parameter has type "str")  [assignment]
src\utils\config_optimizer.py:69: note: PEP 484 prohibits implicit Optional. Accordingly, mypy has changed its default to no_implicit_optional=True
src\utils\config_optimizer.py:69: note: Use https://github.com/hauntsaninja/no_implicit_optional to automatically upgrade your codebase
src\utils\config_optimizer.py:91: error: Need type annotation for "_write_queue"  [var-annotated]
src\utils\config_optimizer.py:95: error: Call to untyped function "_start_batch_writer" in typed context  [no-untyped-call]
src\utils\config_optimizer.py:112: error: Missing type arguments for generic type "Dict"  [type-arg]
src\utils\config_optimizer.py:112: error: Incompatible default for parameter "default" (default has type "None", parameter has type "dict[Any, Any]")  [assignment]
src\utils\config_optimizer.py:112: note: PEP 484 prohibits implicit Optional. Accordingly, mypy has changed its default to no_implicit_optional=True
src\utils\config_optimizer.py:112: note: Use https://github.com/hauntsaninja/no_implicit_optional to automatically upgrade your codebase
src\utils\config_optimizer.py:118: error: Returning Any from function declared to return "dict[str, Any]"  [no-any-return]
src\utils\config_optimizer.py:133: error: Returning Any from function declared to return "dict[str, Any]"  [no-any-return]
src\utils\config_optimizer.py:176: error: Function is missing a return type annotation  [no-untyped-def]
src\utils\config_optimizer.py:176: note: Use "-> None" if function does not return a value
src\utils\config_optimizer.py:177: error: Function is missing a return type annotation  [no-untyped-def]
src\utils\config_optimizer.py:177: note: Use "-> None" if function does not return a value
src\utils\config_optimizer.py:179: error: Need type annotation for "batch" (hint: "batch: list[<type>] = ...")  [var-annotated]
src\utils\config_optimizer.py:197: error: Call to untyped function "batch_writer" in typed context  [no-untyped-call]
src\utils\config_optimizer.py:199: error: Function is missing a return type annotation  [no-untyped-def]
src\utils\config_optimizer.py:199: error: Missing type arguments for generic type "list"  [type-arg]
src\utils\config_optimizer.py:215: error: Statement is unreachable  [unreachable]
src\utils\config_optimizer.py:221: error: Function is missing a return type annotation  [no-untyped-def]
src\utils\config_optimizer.py:221: error: Missing type arguments for generic type "Dict"  [type-arg]
src\utils\config_optimizer.py:258: error: Missing type arguments for generic type "Callable"  [type-arg]
src\utils\config_optimizer.py:262: error: Call to untyped function "stop_watching" in typed context  [no-untyped-call]
src\utils\config_optimizer.py:264: error: Function is missing a return type annotation  [no-untyped-def]
src\utils\config_optimizer.py:264: note: Use "-> None" if function does not return a value
src\utils\config_optimizer.py:270: error: Call to untyped function "start_watching" in typed context  [no-untyped-call]
src\utils\config_optimizer.py:274: error: Incompatible default for parameter "file_name" (default has type "None", parameter has type "str")  [assignment]
src\utils\config_optimizer.py:274: note: PEP 484 prohibits implicit Optional. Accordingly, mypy has changed its default to no_implicit_optional=True
src\utils\config_optimizer.py:274: note: Use https://github.com/hauntsaninja/no_implicit_optional to automatically upgrade your codebase
src\utils\config_optimizer.py:278: error: Call to untyped function "stop_watching" in typed context  [no-untyped-call]
src\utils\config_optimizer.py:282: error: Call to untyped function "stop_watching" in typed context  [no-untyped-call]
src\utils\config_optimizer.py:285: error: Incompatible default for parameter "backup_suffix" (default has type "None", parameter has type "str")  [assignment]
src\utils\config_optimizer.py:285: note: PEP 484 prohibits implicit Optional. Accordingly, mypy has changed its default to no_implicit_optional=True
src\utils\config_optimizer.py:285: note: Use https://github.com/hauntsaninja/no_implicit_optional to automatically upgrade your codebase
src\utils\config_optimizer.py:291: error: Statement is unreachable  [unreachable]
src\utils\config_optimizer.py:332: error: Function is missing a return type annotation  [no-untyped-def]
src\utils\config_optimizer.py:338: error: Incompatible return value type (got "OptimizedConfigManager | None", expected "OptimizedConfigManager")  [return-value]
src\utils\config_manager.py:18: error: Missing type arguments for generic type "dict"  [type-arg]
src\utils\config_manager.py:24: error: Function is missing a return type annotation  [no-untyped-def]
src\utils\config_manager.py:24: note: Use "-> None" if function does not return a value
src\utils\config_manager.py:31: error: Function is missing a return type annotation  [no-untyped-def]
src\utils\config_manager.py:31: note: Use "-> None" if function does not return a value
src\utils\config_manager.py:37: error: Function is missing a return type annotation  [no-untyped-def]
src\utils\config_manager.py:46: error: Call to untyped function "save_config" in typed context  [no-untyped-call]
src\utils\config_manager.py:54: error: Function is missing a type annotation  [no-untyped-def]
src\utils\config_manager.py:67: error: Call to untyped function "load_config" in typed context  [no-untyped-call]
src\utils\config_manager.py:69: error: Returning Any from function declared to return "int | None"  [no-any-return]
src\utils\config_manager.py:72: error: Function is missing a return type annotation  [no-untyped-def]
src\utils\config_manager.py:74: error: Call to untyped function "load_config" in typed context  [no-untyped-call]
src\utils\config_manager.py:83: error: Call to untyped function "save_config" in typed context  [no-untyped-call]
src\utils\config_manager.py:88: error: Call to untyped function "load_config" in typed context  [no-untyped-call]
src\utils\config_manager.py:90: error: Returning Any from function declared to return "int | None"  [no-any-return]
src\utils\config_manager.py:93: error: Function is missing a return type annotation  [no-untyped-def]
src\utils\config_manager.py:95: error: Call to untyped function "load_config" in typed context  [no-untyped-call]
src\utils\config_manager.py:104: error: Call to untyped function "save_config" in typed context  [no-untyped-call]
src\utils\config_manager.py:109: error: Missing type arguments for generic type "dict"  [type-arg]
src\utils\config_manager.py:115: error: Missing type arguments for generic type "dict"  [type-arg]
src\utils\config_manager.py:140: error: Function is missing a return type annotation  [no-untyped-def]
src\utils\config_manager.py:140: error: Missing type arguments for generic type "dict"  [type-arg]
src\utils\config_manager.py:152: error: Function is missing a return type annotation  [no-untyped-def]
src\utils\config_manager.py:177: error: Function is missing a return type annotation  [no-untyped-def]
src\utils\config_manager.py:193: error: Argument 4 to "add_message_record" has incompatible type "None"; expected "int"  [arg-type]
src\utils\config_manager.py:193: error: Argument 5 to "add_message_record" has incompatible type "None"; expected "int"  [arg-type]
src\utils\config_manager.py:202: error: Function is missing a return type annotation  [no-untyped-def]
src\utils\config_manager.py:218: error: Missing type arguments for generic type "dict"  [type-arg]
src\services\ticket_service.py:20: error: Missing type arguments for generic type "dict"  [type-arg]
src\services\ticket_service.py:24: error: Missing type arguments for generic type "dict"  [type-arg]
src\services\ticket_service.py:37: error: Missing type arguments for generic type "dict"  [type-arg]
src\services\ticket_service.py:45: error: Missing type arguments for generic type "dict"  [type-arg]
src\services\ticket_service.py:47: error: Returning Any from function declared to return "dict[Any, Any] | None"  [no-any-return]
src\services\ticket_service.py:69: error: Missing type arguments for generic type "dict"  [type-arg]
src\services\ticket_service.py:71: error: Returning Any from function declared to return "dict[Any, Any] | None"  [no-any-return]
src\services\ticket_service.py:133: error: Returning Any from function declared to return "int"  [no-any-return]
src\services\giveaway_service.py:23: error: Missing type arguments for generic type "dict"  [type-arg]
src\services\giveaway_service.py:27: error: Missing type arguments for generic type "dict"  [type-arg]
src\services\giveaway_service.py:40: error: Missing type arguments for generic type "dict"  [type-arg]
src\services\giveaway_service.py:48: error: Missing type arguments for generic type "dict"  [type-arg]
src\services\giveaway_service.py:52: error: Missing type arguments for generic type "dict"  [type-arg]
src\services\giveaway_service.py:61: error: Missing type arguments for generic type "dict"  [type-arg]
src\services\giveaway_service.py:68: error: Missing type arguments for generic type "dict"  [type-arg]
src\services\giveaway_service.py:90: error: Missing type arguments for generic type "list"  [type-arg]
src\services\giveaway_service.py:137: error: Missing type arguments for generic type "dict"  [type-arg]
src\services\giveaway_service.py:140: error: Missing type arguments for generic type "dict"  [type-arg]
services\github\client.py:52: error: Returning Any from function declared to return "dict[str, Any] | None"  [no-any-return]
src\utils\network_optimizer.py:26: error: Missing type arguments for generic type "Dict"  [type-arg]
src\utils\network_optimizer.py:37: error: Returning Any from function declared to return "list[str]"  [no-any-return]
src\utils\network_optimizer.py:47: error: Incompatible return value type (got "list[str | int]", expected "list[str]")  [return-value]
src\utils\network_optimizer.py:52: error: Function is missing a return type annotation  [no-untyped-def]
src\utils\network_optimizer.py:52: error: Incompatible default for parameter "hostname" (default has type "None", parameter has type "str")  [assignment]
src\utils\network_optimizer.py:52: note: PEP 484 prohibits implicit Optional. Accordingly, mypy has changed its default to no_implicit_optional=True
src\utils\network_optimizer.py:52: note: Use https://github.com/hauntsaninja/no_implicit_optional to automatically upgrade your codebase
src\utils\network_optimizer.py:104: error: Argument "version" to "ClientSession" has incompatible type "object"; expected "HttpVersion"  [arg-type]
src\utils\network_optimizer.py:114: error: Function is missing a return type annotation  [no-untyped-def]
src\utils\network_optimizer.py:114: note: Use "-> None" if function does not return a value
src\utils\network_optimizer.py:128: error: Incompatible default for parameter "config" (default has type "None", parameter has type "NetworkConfig")  [assignment]
src\utils\network_optimizer.py:128: note: PEP 484 prohibits implicit Optional. Accordingly, mypy has changed its default to no_implicit_optional=True
src\utils\network_optimizer.py:128: note: Use https://github.com/hauntsaninja/no_implicit_optional to automatically upgrade your codebase
src\utils\network_optimizer.py:135: error: Function is missing a type annotation for one or more parameters  [no-untyped-def]
src\utils\network_optimizer.py:139: error: Missing type arguments for generic type "Dict"  [type-arg]
src\utils\network_optimizer.py:139: error: Incompatible default for parameter "headers" (default has type "None", parameter has type "dict[Any, Any]")  [assignment]
src\utils\network_optimizer.py:139: note: PEP 484 prohibits implicit Optional. Accordingly, mypy has changed its default to no_implicit_optional=True
src\utils\network_optimizer.py:139: note: Use https://github.com/hauntsaninja/no_implicit_optional to automatically upgrade your codebase
src\utils\network_optimizer.py:140: error: Missing type arguments for generic type "Dict"  [type-arg]
src\utils\network_optimizer.py:140: error: Incompatible default for parameter "params" (default has type "None", parameter has type "dict[Any, Any]")  [assignment]
src\utils\network_optimizer.py:140: note: PEP 484 prohibits implicit Optional. Accordingly, mypy has changed its default to no_implicit_optional=True
src\utils\network_optimizer.py:140: note: Use https://github.com/hauntsaninja/no_implicit_optional to automatically upgrade your codebase
src\utils\network_optimizer.py:142: error: Missing type arguments for generic type "Dict"  [type-arg]
src\utils\network_optimizer.py:142: error: Incompatible default for parameter "json_data" (default has type "None", parameter has type "dict[Any, Any]")  [assignment]
src\utils\network_optimizer.py:142: note: PEP 484 prohibits implicit Optional. Accordingly, mypy has changed its default to no_implicit_optional=True
src\utils\network_optimizer.py:142: note: Use https://github.com/hauntsaninja/no_implicit_optional to automatically upgrade your codebase
src\utils\network_optimizer.py:144: error: Missing type arguments for generic type "Dict"  [type-arg]
src\utils\network_optimizer.py:168: error: Returning Any from function declared to return "dict[Any, Any]"  [no-any-return]
src\utils\network_optimizer.py:202: error: Missing type arguments for generic type "Dict"  [type-arg]
src\utils\network_optimizer.py:208: error: Argument "headers" to "make_request" of "NetworkOptimizer" has incompatible type "Any | None"; expected "dict[Any, Any]"  [arg-type]
src\utils\network_optimizer.py:209: error: Argument "params" to "make_request" of "NetworkOptimizer" has incompatible type "Any | None"; expected "dict[Any, Any]"  [arg-type]
src\utils\network_optimizer.py:211: error: Argument "json_data" to "make_request" of "NetworkOptimizer" has incompatible type "Any | None"; expected "dict[Any, Any]"  [arg-type]
src\utils\network_optimizer.py:216: error: Incompatible return value type (got "list[dict[Any, Any] | BaseException]", expected "list[dict[Any, Any]]")  [return-value]
src\utils\network_optimizer.py:218: error: Function is missing a return type annotation  [no-untyped-def]
src\utils\network_optimizer.py:236: error: Unsupported target for indexed assignment ("object")  [index]
src\utils\network_optimizer.py:246: error: Incompatible default for parameter "urls" (default has type "None", parameter has type "list[str]")  [assignment]
src\utils\network_optimizer.py:246: note: PEP 484 prohibits implicit Optional. Accordingly, mypy has changed its default to no_implicit_optional=True
src\utils\network_optimizer.py:246: note: Use https://github.com/hauntsaninja/no_implicit_optional to automatically upgrade your codebase
src\utils\network_optimizer.py:246: error: Missing type arguments for generic type "Dict"  [type-arg]
src\utils\network_optimizer.py:248: error: Statement is unreachable  [unreachable]
src\utils\network_optimizer.py:308: error: Function is missing a return type annotation  [no-untyped-def]
src\utils\network_optimizer.py:308: note: Use "-> None" if function does not return a value
src\utils\network_optimizer.py:312: error: Function is missing a return type annotation  [no-untyped-def]
src\utils\network_optimizer.py:312: note: Use "-> None" if function does not return a value
src\utils\network_optimizer.py:313: error: Call to untyped function "close_all" in typed context  [no-untyped-call]
src\utils\network_optimizer.py:333: error: Unsupported target for indexed assignment ("object")  [index]
src\utils\network_optimizer.py:339: error: Unsupported target for indexed assignment ("object")  [index]
src\utils\network_optimizer.py:347: error: Function is missing a return type annotation  [no-untyped-def]
src\utils\network_optimizer.py:347: error: Incompatible default for parameter "config" (default has type "None", parameter has type "NetworkConfig")  [assignment]
src\utils\network_optimizer.py:347: note: PEP 484 prohibits implicit Optional. Accordingly, mypy has changed its default to no_implicit_optional=True
src\utils\network_optimizer.py:347: note: Use https://github.com/hauntsaninja/no_implicit_optional to automatically upgrade your codebase
src\utils\network_optimizer.py:353: error: Incompatible return value type (got "NetworkOptimizer | None", expected "NetworkOptimizer")  [return-value]
src\utils\github_manager.py:11: error: Function is missing a return type annotation  [no-untyped-def]
src\utils\github_manager.py:11: note: Use "-> None" if function does not return a value
src\utils\github_manager.py:12: error: Missing type arguments for generic type "Dict"  [type-arg]
src\utils\github_manager.py:13: error: Missing type arguments for generic type "Dict"  [type-arg]
src\utils\github_manager.py:13: error: Incompatible types in assignment (expression has type "dict[Never, Never]", variable has type "list[dict[Any, Any]]")  [assignment]
src\utils\github_manager.py:18: error: Missing type arguments for generic type "Dict"  [type-arg]
src\utils\github_manager.py:26: error: Missing type arguments for generic type "Dict"  [type-arg]
src\utils\github_manager.py:41: error: Returning Any from function declared to return "float"  [no-any-return]
src\utils\github_manager.py:48: error: Incompatible default for parameter "token" (default has type "None", parameter has type "str")  [assignment]
src\utils\github_manager.py:48: note: PEP 484 prohibits implicit Optional. Accordingly, mypy has changed its default to no_implicit_optional=True
src\utils\github_manager.py:48: note: Use https://github.com/hauntsaninja/no_implicit_optional to automatically upgrade your codebase
src\utils\github_manager.py:51: error: Call to untyped function "GitHubRateLimitManager" in typed context  [no-untyped-call]
src\utils\github_manager.py:73: error: Function is missing a type annotation for one or more parameters  [no-untyped-def]
src\utils\github_manager.py:75: error: Missing type arguments for generic type "Dict"  [type-arg]
src\utils\github_manager.py:100: error: Argument 2 to "wait_for_rate_limit" of "GitHubRateLimitManager" has incompatible type "CIMultiDictProxy[str]"; expected "dict[Any, Any]"  [arg-type]
src\utils\github_manager.py:114: error: Returning Any from function declared to return "dict[Any, Any] | None"  [no-any-return]
src\utils\github_manager.py:156: error: Missing type arguments for generic type "Dict"  [type-arg]
src\utils\github_manager.py:158: error: Incompatible return value type (got "dict[Any, Any] | None", expected "list[dict[Any, Any]]")  [return-value]
src\utils\github_manager.py:164: error: Missing type arguments for generic type "Dict"  [type-arg]
src\utils\github_manager.py:166: error: Incompatible return value type (got "dict[Any, Any] | None", expected "list[dict[Any, Any]]")  [return-value]
src\utils\github_manager.py:170: error: Missing type arguments for generic type "Dict"  [type-arg]
src\utils\github_manager.py:171: error: Incompatible return value type (got "dict[Any, Any] | None", expected "dict[Any, Any]")  [return-value]
src\utils\github_manager.py:173: error: Missing type arguments for generic type "Dict"  [type-arg]
src\utils\github_manager.py:174: error: Incompatible return value type (got "dict[Any, Any] | None", expected "dict[Any, Any]")  [return-value]
src\utils\github_manager.py:176: error: Missing type arguments for generic type "Dict"  [type-arg]
src\utils\github_manager.py:179: error: Function is missing a return type annotation  [no-untyped-def]
src\utils\github_manager.py:179: note: Use "-> None" if function does not return a value
src\utils\github_manager.py:187: error: Missing type arguments for generic type "Dict"  [type-arg]
src\utils\github_manager.py:192: error: Function is missing a return type annotation  [no-untyped-def]
src\utils\github_manager.py:192: error: Function is missing a type annotation for one or more parameters  [no-untyped-def]
src\utils\github_manager.py:202: error: Function is missing a return type annotation  [no-untyped-def]
src\utils\github_manager.py:202: note: Use "-> None" if function does not return a value
src\utils\github_manager.py:223: error: Incompatible types in assignment (expression has type "Coroutine[Any, Any, dict[Any, Any]]", variable has type "Coroutine[Any, Any, list[dict[Any, Any]]]")  [assignment]
src\utils\github_manager.py:246: error: Call to untyped function "process_queue" in typed context  [no-untyped-call]
src\utils\github_manager.py:253: error: Missing type arguments for generic type "Dict"  [type-arg]
src\utils\github_manager.py:283: error: Missing type arguments for generic type "Dict"  [type-arg]
src\utils\github_manager.py:295: error: "object" has no attribute "append"  [attr-defined]
src\utils\github_manager.py:301: error: "object" has no attribute "append"  [attr-defined]
src\utils\github_manager.py:307: error: "object" has no attribute "append"  [attr-defined]
src\utils\github_manager.py:315: error: Function is missing a return type annotation  [no-untyped-def]
src\utils\github_manager.py:315: error: Incompatible default for parameter "token" (default has type "None", parameter has type "str")  [assignment]
src\utils\github_manager.py:315: note: PEP 484 prohibits implicit Optional. Accordingly, mypy has changed its default to no_implicit_optional=True
src\utils\github_manager.py:315: note: Use https://github.com/hauntsaninja/no_implicit_optional to automatically upgrade your codebase
src\utils\github_manager.py:321: error: Incompatible return value type (got "GitHubAPIManager | None", expected "GitHubAPIManager")  [return-value]
src\utils\blacklist_manager.py:21: error: Missing type arguments for generic type "Dict"  [type-arg]
src\utils\blacklist_manager.py:26: error: Returning Any from function declared to return "dict[Any, Any]"  [no-any-return]
src\utils\blacklist_manager.py:32: error: Function is missing a return type annotation  [no-untyped-def]
src\utils\blacklist_manager.py:32: error: Missing type arguments for generic type "Dict"  [type-arg]
src\utils\blacklist_manager.py:44: error: Incompatible default for parameter "api_key" (default has type "None", parameter has type "str")  [assignment]
src\utils\blacklist_manager.py:44: note: PEP 484 prohibits implicit Optional. Accordingly, mypy has changed its default to no_implicit_optional=True
src\utils\blacklist_manager.py:44: note: Use https://github.com/hauntsaninja/no_implicit_optional to automatically upgrade your codebase
src\utils\blacklist_manager.py:44: error: Incompatible default for parameter "api_base" (default has type "None", parameter has type "str")  [assignment]
src\utils\blacklist_manager.py:47: error: Missing type arguments for generic type "Dict"  [type-arg]
src\utils\blacklist_manager.py:51: error: Missing type arguments for generic type "dict"  [type-arg]
src\utils\blacklist_manager.py:54: error: Function is missing a return type annotation  [no-untyped-def]
src\utils\blacklist_manager.py:54: note: Use "-> None" if function does not return a value
src\utils\blacklist_manager.py:59: error: Function is missing a return type annotation  [no-untyped-def]
src\utils\blacklist_manager.py:59: note: Use "-> None" if function does not return a value
src\utils\blacklist_manager.py:66: error: Missing type arguments for generic type "dict"  [type-arg]
src\utils\blacklist_manager.py:78: error: Missing type arguments for generic type "dict"  [type-arg]
src\utils\blacklist_manager.py:83: error: Missing type arguments for generic type "Dict"  [type-arg]
src\utils\blacklist_manager.py:100: error: Returning Any from function declared to return "dict[Any, Any] | None"  [no-any-return]
src\utils\blacklist_manager.py:107: error: Incompatible default for parameter "added_by" (default has type "None", parameter has type "int")  [assignment]
src\utils\blacklist_manager.py:107: note: PEP 484 prohibits implicit Optional. Accordingly, mypy has changed its default to no_implicit_optional=True
src\utils\blacklist_manager.py:107: note: Use https://github.com/hauntsaninja/no_implicit_optional to automatically upgrade your codebase
src\utils\blacklist_manager.py:108: error: Incompatible default for parameter "expires_at" (default has type "None", parameter has type "str")  [assignment]
src\utils\blacklist_manager.py:108: note: PEP 484 prohibits implicit Optional. Accordingly, mypy has changed its default to no_implicit_optional=True
src\utils\blacklist_manager.py:108: note: Use https://github.com/hauntsaninja/no_implicit_optional to automatically upgrade your codebase
src\utils\blacklist_manager.py:109: error: Incompatible default for parameter "note" (default has type "None", parameter has type "str")  [assignment]
src\utils\blacklist_manager.py:109: note: PEP 484 prohibits implicit Optional. Accordingly, mypy has changed its default to no_implicit_optional=True
src\utils\blacklist_manager.py:109: note: Use https://github.com/hauntsaninja/no_implicit_optional to automatically upgrade your codebase
src\utils\blacklist_manager.py:144: error: Missing type arguments for generic type "Dict"  [type-arg]
src\utils\blacklist_manager.py:146: error: Returning Any from function declared to return "dict[str, dict[Any, Any]]"  [no-any-return]
src\utils\blacklist_manager.py:150: error: Missing type arguments for generic type "Dict"  [type-arg]
src\utils\blacklist_manager.py:156: error: Call to untyped function "setup" in typed context  [no-untyped-call]
src\utils\blacklist_manager.py:169: error: Need type annotation for "data" (hint: "data: dict[<type>, <type>] = ...")  [var-annotated]
src\utils\blacklist_manager.py:173: error: Item "None" of "ClientSession | None" has no attribute "get"  [union-attr]
src\utils\blacklist_manager.py:196: error: Missing type arguments for generic type "Dict"  [type-arg]
src\utils\blacklist_manager.py:215: error: Missing type arguments for generic type "Dict"  [type-arg]
src\utils\blacklist_manager.py:219: error: Function is missing a return type annotation  [no-untyped-def]
src\utils\blacklist_manager.py:219: error: Missing type arguments for generic type "Dict"  [type-arg]
src\utils\blacklist_manager.py:245: error: Missing type arguments for generic type "Dict"  [type-arg]
src\utils\blacklist_manager.py:254: error: Incompatible default for parameter "reviewer_id" (default has type "None", parameter has type "int")  [assignment]
src\utils\blacklist_manager.py:254: note: PEP 484 prohibits implicit Optional. Accordingly, mypy has changed its default to no_implicit_optional=True
src\utils\blacklist_manager.py:254: note: Use https://github.com/hauntsaninja/no_implicit_optional to automatically upgrade your codebase
src\utils\blacklist_manager.py:255: error: Incompatible default for parameter "review_reason" (default has type "None", parameter has type "str")  [assignment]
src\utils\blacklist_manager.py:255: note: PEP 484 prohibits implicit Optional. Accordingly, mypy has changed its default to no_implicit_optional=True
src\utils\blacklist_manager.py:255: note: Use https://github.com/hauntsaninja/no_implicit_optional to automatically upgrade your codebase
src\utils\blacklist_manager.py:272: error: Missing type arguments for generic type "list"  [type-arg]
src\services\management_service.py:23: error: Missing type arguments for generic type "dict"  [type-arg]
src\services\management_service.py:28: error: Missing type arguments for generic type "dict"  [type-arg]
src\services\management_service.py:33: error: Returning Any from function declared to return "dict[Any, Any]"  [no-any-return]
src\services\management_service.py:58: error: Missing type arguments for generic type "dict"  [type-arg]
src\services\management_service.py:62: error: Missing type arguments for generic type "dict"  [type-arg]
src\services\management_service.py:64: error: Returning Any from function declared to return "dict[Any, Any]"  [no-any-return]
src\services\management_service.py:66: error: Missing type arguments for generic type "dict"  [type-arg]
src\services\management_service.py:98: error: Missing type arguments for generic type "dict"  [type-arg]
src\services\management_service.py:100: error: Returning Any from function declared to return "dict[Any, Any]"  [no-any-return]
src\services\management_service.py:104: error: Missing type arguments for generic type "dict"  [type-arg]
src\services\management_service.py:106: error: Returning Any from function declared to return "dict[Any, Any]"  [no-any-return]
src\services\management_service.py:108: error: Missing type arguments for generic type "dict"  [type-arg]
src\services\management_service.py:133: error: Missing type arguments for generic type "dict"  [type-arg]
src\services\management_service.py:134: error: Missing type arguments for generic type "dict"  [type-arg]
src\services\management_service.py:143: error: Missing type arguments for generic type "dict"  [type-arg]
src\services\genshin_service.py:22: error: Missing type arguments for generic type "dict"  [type-arg]
src\services\genshin_service.py:60: error: Missing type arguments for generic type "dict"  [type-arg]
src\services\genshin_service.py:67: error: Returning Any from function declared to return "dict[Any, Any]"  [no-any-return]
src\services\genshin_service.py:105: error: Missing type arguments for generic type "dict"  [type-arg]
src\services\genshin_service.py:109: error: Missing type arguments for generic type "dict"  [type-arg]
src\services\genshin_service.py:115: error: Missing type arguments for generic type "dict"  [type-arg]
src\services\genshin_service.py:173: error: Missing type arguments for generic type "dict"  [type-arg]
src\services\genshin_service.py:223: error: Incompatible types in assignment (expression has type "StarRailNote", variable has type "Notes")  [assignment]
src\services\genshin_service.py:227: error: "Notes" has no attribute "current_stamina"; maybe "current_resin"?  [attr-defined]
src\services\genshin_service.py:228: error: "Notes" has no attribute "max_stamina"  [attr-defined]
src\services\genshin_service.py:230: error: "Notes" has no attribute "stamina_recover_time"; maybe "resin_recovery_time"?  [attr-defined]
src\services\genshin_service.py:232: error: "Notes" has no attribute "current_reserve_stamina"  [attr-defined]
src\services\genshin_service.py:233: error: "Notes" has no attribute "current_train_score"  [attr-defined]
src\services\genshin_service.py:234: error: "Notes" has no attribute "max_train_score"  [attr-defined]
src\services\genshin_service.py:235: error: "Notes" has no attribute "current_rogue_score"  [attr-defined]
src\services\genshin_service.py:236: error: "Notes" has no attribute "max_rogue_score"  [attr-defined]
src\services\genshin_service.py:246: error: "Notes" has no attribute "total_expedition_num"  [attr-defined]
src\services\genshin_service.py:249: error: Incompatible types in assignment (expression has type "ZZZNotes", variable has type "Notes")  [assignment]
src\services\genshin_service.py:268: error: "Notes" has no attribute "engagement"  [attr-defined]
src\services\genshin_service.py:269: error: "Notes" has no attribute "scratch_card_completed"  [attr-defined]
src\services\genshin_service.py:273: error: Incompatible types in assignment (expression has type "HonkaiNotes", variable has type "Notes")  [assignment]
src\services\genshin_service.py:273: error: Argument 1 to "get_honkai_notes" of "HonkaiBattleChronicleClient" has incompatible type "Any | None"; expected "int"  [arg-type]
src\services\genshin_service.py:277: error: "Notes" has no attribute "current_stamina"; maybe "current_resin"?  [attr-defined]
src\services\genshin_service.py:278: error: "Notes" has no attribute "max_stamina"  [attr-defined]
src\services\genshin_service.py:280: error: "Notes" has no attribute "stamina_recover_time"; maybe "resin_recovery_time"?  [attr-defined]
src\services\genshin_service.py:282: error: "Notes" has no attribute "current_train_score"  [attr-defined]
src\services\genshin_service.py:289: error: Missing type arguments for generic type "dict"  [type-arg]
src\services\genshin_service.py:358: error: Missing type arguments for generic type "dict"  [type-arg]
src\services\genshin_service.py:390: error: Incompatible types in assignment (expression has type "StarRailUserStats", variable has type "GenshinUserStats")  [assignment]
src\services\genshin_service.py:394: error: "Stats" has no attribute "active_days"  [attr-defined]
src\services\genshin_service.py:395: error: "Stats" has no attribute "achievement_num"; maybe "achievements"?  [attr-defined]
src\services\genshin_service.py:396: error: "Stats" has no attribute "avatar_num"  [attr-defined]
src\services\genshin_service.py:397: error: "Stats" has no attribute "chest_num"  [attr-defined]
src\services\genshin_service.py:400: error: Incompatible types in assignment (expression has type "ZZZUserStats", variable has type "GenshinUserStats")  [assignment]
src\services\genshin_service.py:414: error: "Stats" has no attribute "active_days"  [attr-defined]
src\services\genshin_service.py:415: error: "Stats" has no attribute "achievement_count"; maybe "achievements"?  [attr-defined]
src\services\genshin_service.py:416: error: "Stats" has no attribute "character_num"; maybe "characters"?  [attr-defined]
src\services\genshin_service.py:417: error: "Stats" has no attribute "bangboo_obtained"  [attr-defined]
src\services\genshin_service.py:420: error: Incompatible types in assignment (expression has type "HonkaiUserStats", variable has type "GenshinUserStats")  [assignment]
src\services\genshin_service.py:424: error: "Stats" has no attribute "active_days"  [attr-defined]
src\services\genshin_service.py:425: error: "Stats" has no attribute "battlesuits"  [attr-defined]
src\services\genshin_service.py:430: error: Missing type arguments for generic type "dict"  [type-arg]
src\services\genshin_service.py:466: error: Item "BaseException" of "StarRailChallenge | BaseException" has no attribute "total_stars"  [union-attr]
src\services\genshin_service.py:473: error: Item "BaseException" of "StarRailChallenge | BaseException" has no attribute "max_floor"  [union-attr]
src\services\genshin_service.py:477: error: Item "BaseException" of "StarRailChallenge | BaseException" has no attribute "max_floor"  [union-attr]
src\services\genshin_service.py:481: error: Item "BaseException" of "StarRailChallenge | BaseException" has no attribute "name"  [union-attr]
src\services\genshin_service.py:489: error: Item "BaseException" of "StarRailPureFiction | BaseException" has no attribute "total_stars"  [union-attr]
src\services\genshin_service.py:496: error: Item "BaseException" of "StarRailPureFiction | BaseException" has no attribute "max_floor"  [union-attr]
src\services\genshin_service.py:500: error: Item "BaseException" of "StarRailPureFiction | BaseException" has no attribute "max_floor"  [union-attr]
src\services\genshin_service.py:504: error: Item "BaseException" of "StarRailPureFiction | BaseException" has no attribute "name"  [union-attr]
src\services\genshin_service.py:512: error: Item "BaseException" of "StarRailAPCShadow | BaseException" has no attribute "total_stars"  [union-attr]
src\services\genshin_service.py:519: error: Item "BaseException" of "StarRailAPCShadow | BaseException" has no attribute "max_floor"  [union-attr]
src\services\genshin_service.py:523: error: Item "BaseException" of "StarRailAPCShadow | BaseException" has no attribute "max_floor"  [union-attr]
src\services\genshin_service.py:561: error: Incompatible types in assignment (expression has type "str", variable has type "int")  [assignment]
src\services\genshin_service.py:606: error: Missing type arguments for generic type "dict"  [type-arg]
src\services\genshin_service.py:656: error: Missing type arguments for generic type "dict"  [type-arg]
src\utils\logger.py:22: error: Missing type arguments for generic type "list"  [type-arg]
src\utils\logger.py:28: error: Returning Any from function declared to return "str | None"  [no-any-return]
src\utils\logger.py:42: error: Missing type arguments for generic type "list"  [type-arg]
src\utils\logger.py:42: error: Incompatible default for parameter "before_attachments" (default has type "None", parameter has type "list[Any]")  [assignment]
src\utils\logger.py:42: note: PEP 484 prohibits implicit Optional. Accordingly, mypy has changed its default to no_implicit_optional=True
src\utils\logger.py:42: note: Use https://github.com/hauntsaninja/no_implicit_optional to automatically upgrade your codebase
src\utils\logger.py:43: error: Missing type arguments for generic type "list"  [type-arg]
src\utils\logger.py:43: error: Incompatible default for parameter "after_attachments" (default has type "None", parameter has type "list[Any]")  [assignment]
src\utils\logger.py:43: note: PEP 484 prohibits implicit Optional. Accordingly, mypy has changed its default to no_implicit_optional=True
src\utils\logger.py:43: note: Use https://github.com/hauntsaninja/no_implicit_optional to automatically upgrade your codebase
src\utils\logger.py:110: error: Missing type arguments for generic type "list"  [type-arg]
src\utils\logger.py:110: error: Incompatible default for parameter "attachments" (default has type "None", parameter has type "list[Any]")  [assignment]
src\utils\logger.py:110: note: PEP 484 prohibits implicit Optional. Accordingly, mypy has changed its default to no_implicit_optional=True
src\utils\logger.py:110: note: Use https://github.com/hauntsaninja/no_implicit_optional to automatically upgrade your codebase
src\utils\api_optimizer.py:12: error: Missing type arguments for generic type "Dict"  [type-arg]
src\utils\api_optimizer.py:17: error: Missing type arguments for generic type "Dict"  [type-arg]
src\utils\api_optimizer.py:20: error: Missing type arguments for generic type "Dict"  [type-arg]
src\utils\api_optimizer.py:35: error: Function is missing a type annotation for one or more parameters  [no-untyped-def]
src\utils\api_optimizer.py:70: error: Missing type arguments for generic type "Dict"  [type-arg]
src\utils\api_optimizer.py:85: error: Returning Any from function declared to return "TextChannel | None"  [no-any-return]
src\utils\api_optimizer.py:91: error: Incompatible return value type (got "VoiceChannel | StageChannel | ForumChannel | TextChannel | CategoryChannel | Thread | PrivateChannel | None", expected "TextChannel | None")  [return-value]
src\utils\api_optimizer.py:98: error: Returning Any from function declared to return "User | None"  [no-any-return]
src\utils\api_optimizer.py:111: error: Returning Any from function declared to return "Guild | None"  [no-any-return]
src\utils\api_optimizer.py:119: error: Function is missing a type annotation for one or more parameters  [no-untyped-def]
src\utils\api_optimizer.py:120: error: Incompatible default for parameter "content" (default has type "None", parameter has type "str")  [assignment]
src\utils\api_optimizer.py:120: note: PEP 484 prohibits implicit Optional. Accordingly, mypy has changed its default to no_implicit_optional=True
src\utils\api_optimizer.py:120: note: Use https://github.com/hauntsaninja/no_implicit_optional to automatically upgrade your codebase
src\utils\api_optimizer.py:123: error: Missing positional argument "message" in call to "HTTPException"  [call-arg]
src\utils\api_optimizer.py:141: error: Returning Any from function declared to return "Member | None"  [no-any-return]
src\utils\api_optimizer.py:165: error: List comprehension has incompatible type List[Member | BaseException | None]; expected List[Member | None]  [misc]
src\utils\api_optimizer.py:167: error: Incompatible default for parameter "pattern" (default has type "None", parameter has type "str")  [assignment]
src\utils\api_optimizer.py:167: note: PEP 484 prohibits implicit Optional. Accordingly, mypy has changed its default to no_implicit_optional=True
src\utils\api_optimizer.py:167: note: Use https://github.com/hauntsaninja/no_implicit_optional to automatically upgrade your codebase
src\utils\api_optimizer.py:192: error: Function is missing a return type annotation  [no-untyped-def]
src\utils\api_optimizer.py:192: note: Use "-> None" if function does not return a value
src\utils\api_optimizer.py:198: error: Function is missing a type annotation  [no-untyped-def]
src\utils\api_optimizer.py:227: error: Function is missing a return type annotation  [no-untyped-def]
src\utils\api_optimizer.py:227: note: Use "-> None" if function does not return a value
src\utils\api_optimizer.py:272: error: Call to untyped function "ConnectionManager" in typed context  [no-untyped-call]
src\utils\api_optimizer.py:273: error: Call to untyped function "PerformanceMonitor" in typed context  [no-untyped-call]
src\utils\api_optimizer.py:276: error: Function is missing a return type annotation  [no-untyped-def]
src\utils\api_optimizer.py:282: error: Incompatible return value type (got "APIOptimizer | None", expected "APIOptimizer")  [return-value]
src\utils\anti_spam.py:115: error: Function is missing a return type annotation  [no-untyped-def]
src\utils\anti_spam.py:117: error: Missing type arguments for generic type "dict"  [type-arg]
src\utils\anti_spam.py:141: error: Missing type arguments for generic type "dict"  [type-arg]
src\utils\anti_spam.py:153: error: Function is missing a return type annotation  [no-untyped-def]
src\utils\anti_spam.py:153: note: Use "-> None" if function does not return a value
src\utils\anti_spam.py:167: error: Missing type arguments for generic type "dict"  [type-arg]
src\utils\anti_spam.py:173: error: Function is missing a return type annotation  [no-untyped-def]
src\utils\anti_spam.py:173: error: Missing type arguments for generic type "dict"  [type-arg]
src\utils\anti_spam.py:177: error: Call to untyped function "_save_all_settings" in typed context  [no-untyped-call]
src\utils\anti_spam.py:291: error: Function is missing a return type annotation  [no-untyped-def]
src\utils\anti_spam.py:295: error: Function is missing a return type annotation  [no-untyped-def]
src\utils\anti_spam.py:312: error: Missing type arguments for generic type "dict"  [type-arg]
src\utils\anti_spam.py:333: error: Missing type arguments for generic type "dict"  [type-arg]
src\utils\anti_spam.py:361: error: Missing type arguments for generic type "dict"  [type-arg]
src\utils\anti_spam.py:377: error: Missing type arguments for generic type "dict"  [type-arg]
src\utils\anti_spam.py:402: error: Missing type arguments for generic type "dict"  [type-arg]
src\utils\anti_spam.py:415: error: Missing type arguments for generic type "dict"  [type-arg]
src\utils\anti_spam.py:436: error: Missing type arguments for generic type "dict"  [type-arg]
src\services\message_log_service.py:26: error: Missing type arguments for generic type "dict"  [type-arg]
src\services\message_log_service.py:28: error: Missing type arguments for generic type "dict"  [type-arg]
src\services\message_log_service.py:34: error: Missing type arguments for generic type "dict"  [type-arg]
src\services\message_log_service.py:51: error: Missing type arguments for generic type "dict"  [type-arg]
src\services\message_log_service.py:73: error: Missing type arguments for generic type "dict"  [type-arg]
src\services\message_log_service.py:90: error: Missing type arguments for generic type "dict"  [type-arg]
src\services\message_log_service.py:108: error: Missing type arguments for generic type "list"  [type-arg]
src\services\message_log_service.py:163: error: Missing type arguments for generic type "dict"  [type-arg]
src\services\message_log_service.py:179: error: Name "timedelta" is not defined  [name-defined]
src\services\blacklist_service.py:16: error: Function is missing a type annotation for one or more parameters  [no-untyped-def]
src\services\blacklist_service.py:20: error: Missing type arguments for generic type "dict"  [type-arg]
src\services\blacklist_service.py:45: error: Missing type arguments for generic type "dict"  [type-arg]
src\services\blacklist_service.py:69: error: Function is missing a return type annotation  [no-untyped-def]
src\services\blacklist_service.py:69: error: Function is missing a type annotation for one or more parameters  [no-untyped-def]
src\services\blacklist_service.py:119: error: Function is missing a return type annotation  [no-untyped-def]
src\services\blacklist_service.py:119: error: Function is missing a type annotation for one or more parameters  [no-untyped-def]
src\cogs\features\user_server_info.py:98: error: Missing type arguments for generic type "Container"  [type-arg]
src\cogs\features\user_server_info.py:118: error: Need type annotation for "container"  [var-annotated]
src\cogs\features\user_server_info.py:181: error: Need type annotation for "gallery"  [var-annotated]
src\cogs\features\user_server_info.py:203: error: Need type annotation for "container"  [var-annotated]
src\cogs\features\user_server_info.py:278: error: Need type annotation for "gallery"  [var-annotated]
src\cogs\features\user_server_info.py:287: error: Function is missing a return type annotation  [no-untyped-def]
src\cogs\features\user_server_info.py:412: error: Function is missing a return type annotation  [no-untyped-def]
src\cogs\features\user_server_info.py:510: error: Function is missing a return type annotation  [no-untyped-def]
src\cogs\features\translate.py:3: error: Skipping analyzing "deep_translator": module is installed, but missing library stubs or py.typed marker  [import-untyped]
src\cogs\features\translate.py:31: error: Missing type arguments for generic type "Select"  [type-arg]
src\cogs\features\translate.py:47: error: Function is missing a return type annotation  [no-untyped-def]
src\cogs\features\translate.py:102: error: Function is missing a return type annotation  [no-untyped-def]
src\cogs\features\translate.py:102: note: Use "-> None" if function does not return a value
src\cogs\features\translate.py:108: error: Function is missing a return type annotation  [no-untyped-def]
src\cogs\features\translate.py:131: error: Function is missing a return type annotation  [no-untyped-def]
src\cogs\features\ticket.py:22: error: Need type annotation for "reason"  [var-annotated]
src\cogs\features\ticket.py:30: error: Function is missing a return type annotation  [no-untyped-def]
src\cogs\features\ticket.py:63: error: Function is missing a return type annotation  [no-untyped-def]
src\cogs\features\ticket.py:63: note: Use "-> None" if function does not return a value
src\cogs\features\ticket.py:75: error: Item "User" of "User | Member" has no attribute "guild_permissions"  [union-attr]
src\cogs\features\ticket.py:89: error: Function is missing a return type annotation  [no-untyped-def]
src\cogs\features\ticket.py:89: error: Missing type arguments for generic type "Button"  [type-arg]
src\cogs\features\ticket.py:102: error: Item "None" of "VoiceChannel | StageChannel | TextChannel | ForumChannel | CategoryChannel | Thread | DMChannel | GroupChannel | None" has no attribute "id"  [union-attr]
src\cogs\features\ticket.py:106: error: Item "None" of "VoiceChannel | StageChannel | TextChannel | ForumChannel | CategoryChannel | Thread | DMChannel | GroupChannel | None" has no attribute "id"  [union-attr]
src\cogs\features\ticket.py:109: error: Item "DMChannel" of "VoiceChannel | StageChannel | TextChannel | ForumChannel | CategoryChannel | Thread | DMChannel | GroupChannel | None" has no attribute "edit"  [union-attr]
src\cogs\features\ticket.py:109: error: Item "GroupChannel" of "VoiceChannel | StageChannel | TextChannel | ForumChannel | CategoryChannel | Thread | DMChannel | GroupChannel | None" has no attribute "edit"  [union-attr]
src\cogs\features\ticket.py:109: error: Item "None" of "VoiceChannel | StageChannel | TextChannel | ForumChannel | CategoryChannel | Thread | DMChannel | GroupChannel | None" has no attribute "edit"  [union-attr]
src\cogs\features\ticket.py:109: error: Unexpected keyword arguments "locked", "archived" for overloaded function "edit" of "VoiceChannel"  [call-overload]
src\cogs\features\ticket.py:109: error: Unexpected keyword arguments "locked", "archived" for overloaded function "edit" of "StageChannel"  [call-overload]
src\cogs\features\ticket.py:109: error: Unexpected keyword arguments "locked", "archived" for overloaded function "edit" of "TextChannel"  [call-overload]
src\cogs\features\ticket.py:109: error: Unexpected keyword arguments "locked", "archived" for overloaded function "edit" of "ForumChannel"  [call-overload]
src\cogs\features\ticket.py:109: error: Unexpected keyword arguments "locked", "archived" for overloaded function "edit" of "CategoryChannel"  [call-overload]
src\cogs\features\ticket.py:118: error: Function is missing a return type annotation  [no-untyped-def]
src\cogs\features\ticket.py:119: error: Missing type arguments for generic type "Button"  [type-arg]
src\cogs\features\ticket.py:131: error: Function is missing a return type annotation  [no-untyped-def]
src\cogs\features\ticket.py:131: note: Use "-> None" if function does not return a value
src\cogs\features\ticket.py:139: error: Function is missing a return type annotation  [no-untyped-def]
src\cogs\features\ticket.py:139: error: Missing type arguments for generic type "Button"  [type-arg]
src\cogs\features\ticket.py:171: error: Item "VoiceChannel" of "VoiceChannel | StageChannel | TextChannel | ForumChannel | CategoryChannel | Thread | DMChannel | GroupChannel | None" has no attribute "create_thread"  [union-attr]
src\cogs\features\ticket.py:171: error: Item "StageChannel" of "VoiceChannel | StageChannel | TextChannel | ForumChannel | CategoryChannel | Thread | DMChannel | GroupChannel | None" has no attribute "create_thread"  [union-attr]
src\cogs\features\ticket.py:171: error: Item "CategoryChannel" of "VoiceChannel | StageChannel | TextChannel | ForumChannel | CategoryChannel | Thread | DMChannel | GroupChannel | None" has no attribute "create_thread"  [union-attr]
src\cogs\features\ticket.py:171: error: Item "Thread" of "VoiceChannel | StageChannel | TextChannel | ForumChannel | CategoryChannel | Thread | DMChannel | GroupChannel | None" has no attribute "create_thread"  [union-attr]
src\cogs\features\ticket.py:171: error: Item "DMChannel" of "VoiceChannel | StageChannel | TextChannel | ForumChannel | CategoryChannel | Thread | DMChannel | GroupChannel | None" has no attribute "create_thread"  [union-attr]
src\cogs\features\ticket.py:171: error: Item "GroupChannel" of "VoiceChannel | StageChannel | TextChannel | ForumChannel | CategoryChannel | Thread | DMChannel | GroupChannel | None" has no attribute "create_thread"  [union-attr]
src\cogs\features\ticket.py:171: error: Item "None" of "VoiceChannel | StageChannel | TextChannel | ForumChannel | CategoryChannel | Thread | DMChannel | GroupChannel | None" has no attribute "create_thread"  [union-attr]
src\cogs\features\ticket.py:171: error: Unexpected keyword argument "type" for overloaded function "create_thread" of "ForumChannel"  [call-overload]
src\cogs\features\ticket.py:171: error: No overload variant of "create_thread" of "ForumChannel" matches argument types "str", "ChannelType", "int"  [call-overload]
src\cogs\features\ticket.py:171: note: Possible overload variants:
src\cogs\features\ticket.py:171: note:     def create_thread(self, *, name: str, auto_archive_duration: Literal[60, 1440, 4320, 10080] = ..., slowmode_delay: int | None = ..., file: File = ..., files: Sequence[File] = ..., allowed_mentions: AllowedMentions = ..., mention_author: bool = ..., applied_tags: Sequence[ForumTag] = ..., view: LayoutView, suppress_embeds: bool = ..., silent: bool = ..., reason: str | None = ...) -> Coroutine[Any, Any, ThreadWithMessage]
src\cogs\features\ticket.py:171: note:     def create_thread(self, *, name: str, auto_archive_duration: Literal[60, 1440, 4320, 10080] = ..., slowmode_delay: int | None = ..., content: str | None = ..., tts: bool = ..., embed: Embed = ..., embeds: Sequence[Embed] = ..., file: File = ..., files: Sequence[File] = ..., stickers: Sequence[GuildSticker | StickerItem] = ..., allowed_mentions: AllowedMentions = ..., mention_author: bool = ..., applied_tags: Sequence[ForumTag] = ..., view: View = ..., suppress_embeds: bool = ..., silent: bool = ..., reason: str | None = ...) -> Coroutine[Any, Any, ThreadWithMessage]
src\cogs\features\ticket.py:191: error: Item "None" of "VoiceChannel | StageChannel | TextChannel | ForumChannel | CategoryChannel | Thread | DMChannel | GroupChannel | None" has no attribute "id"  [union-attr]
src\cogs\features\ticket.py:219: error: Call to untyped function "TicketCloseView" in typed context  [no-untyped-call]
src\cogs\features\ticket.py:235: error: Function is missing a return type annotation  [no-untyped-def]
src\cogs\features\ticket.py:235: note: Use "-> None" if function does not return a value
src\cogs\features\ticket.py:237: error: Call to untyped function "TicketOpenView" in typed context  [no-untyped-call]
src\cogs\features\ticket.py:238: error: Call to untyped function "TicketCloseView" in typed context  [no-untyped-call]
src\cogs\features\ticket.py:241: error: Function is missing a return type annotation  [no-untyped-def]
src\cogs\features\ticket.py:248: error: Item "User" of "User | Member" has no attribute "guild_permissions"  [union-attr]
src\cogs\features\ticket.py:261: error: Function is missing a return type annotation  [no-untyped-def]
src\cogs\features\ticket.py:283: error: Item "None" of "Guild | None" has no attribute "me"  [union-attr]
src\cogs\features\ticket.py:301: error: Item "None" of "Guild | None" has no attribute "name"  [union-attr]
src\cogs\features\ticket.py:303: error: Item "GuildChannel" of "GuildChannel | Thread" has no attribute "send"  [union-attr]
src\cogs\features\ticket.py:303: error: Call to untyped function "TicketOpenView" in typed context  [no-untyped-call]
src\cogs\features\ticket.py:305: error: Item "None" of "Guild | None" has no attribute "id"  [union-attr]
src\cogs\features\ticket.py:307: error: Item "None" of "Guild | None" has no attribute "id"  [union-attr]
src\cogs\features\ticket.py:327: error: Function is missing a return type annotation  [no-untyped-def]
src\cogs\features\temp_voice.py:38: error: Function is missing a return type annotation  [no-untyped-def]
src\cogs\features\temp_voice.py:46: error: Item "User" of "User | Member" has no attribute "guild_permissions"  [union-attr]
src\cogs\features\temp_voice.py:61: error: Item "None" of "Guild | None" has no attribute "id"  [union-attr]
src\cogs\features\temp_voice.py:91: error: Item "None" of "Guild | None" has no attribute "name"  [union-attr]
src\cogs\features\temp_voice.py:96: error: Function is missing a return type annotation  [no-untyped-def]
src\cogs\features\temp_voice.py:98: error: Item "User" of "User | Member" has no attribute "guild_permissions"  [union-attr]
src\cogs\features\temp_voice.py:104: error: Item "None" of "Guild | None" has no attribute "id"  [union-attr]
src\cogs\features\temp_voice.py:112: error: Item "None" of "Guild | None" has no attribute "get_channel"  [union-attr]
src\cogs\features\temp_voice.py:114: error: Item "None" of "Guild | None" has no attribute "get_channel"  [union-attr]
src\cogs\features\temp_voice.py:115: error: Item "None" of "Guild | None" has no attribute "id"  [union-attr]
src\cogs\features\temp_voice.py:146: error: Item "None" of "Guild | None" has no attribute "name"  [union-attr]
src\cogs\features\temp_voice.py:150: error: Function is missing a return type annotation  [no-untyped-def]
src\cogs\features\temp_voice.py:152: error: Item "User" of "User | Member" has no attribute "guild_permissions"  [union-attr]
src\cogs\features\temp_voice.py:158: error: Item "None" of "Guild | None" has no attribute "id"  [union-attr]
src\cogs\features\temp_voice.py:165: error: Item "None" of "Guild | None" has no attribute "id"  [union-attr]
src\cogs\features\temp_voice.py:173: error: Function is missing a return type annotation  [no-untyped-def]
src\cogs\features\temp_voice.py:173: note: Use "-> None" if function does not return a value
src\cogs\features\temp_voice.py:190: error: Function is missing a return type annotation  [no-untyped-def]
src\cogs\features\temp_voice.py:220: error: Function is missing a return type annotation  [no-untyped-def]
src\cogs\features\temp_voice.py:224: error: Missing type arguments for generic type "dict"  [type-arg]
src\cogs\features\temp_voice.py:236: error: Argument "category" to "create_voice_channel" of "Guild" has incompatible type "VoiceChannel | StageChannel | ForumChannel | TextChannel | CategoryChannel | None"; expected "CategoryChannel | None"  [arg-type]
src\cogs\features\temp_voice.py:261: error: Function is missing a return type annotation  [no-untyped-def]
src\cogs\features\temp_voice.py:307: error: Missing type arguments for generic type "dict"  [type-arg]
src\cogs\features\temp_voice.py:321: error: Missing type arguments for generic type "dict"  [type-arg]
src\cogs\features\temp_voice.py:333: error: Function is missing a return type annotation  [no-untyped-def]
src\cogs\features\temp_voice.py:380: error: Item "None" of "Guild | None" has no attribute "name"  [union-attr]
src\cogs\features\temp_voice.py:384: error: Function is missing a return type annotation  [no-untyped-def]
src\cogs\features\temp_voice.py:385: error: Argument 1 to "_get_user_owned_channel" of "TempVoice" has incompatible type "User | Member"; expected "Member"  [arg-type]
src\cogs\features\temp_voice.py:420: error: Function is missing a return type annotation  [no-untyped-def]
src\cogs\features\temp_voice.py:421: error: Argument 1 to "_get_user_owned_channel" of "TempVoice" has incompatible type "User | Member"; expected "Member"  [arg-type]
src\cogs\features\temp_voice.py:458: error: Function is missing a return type annotation  [no-untyped-def]
src\cogs\features\temp_voice.py:459: error: Argument 1 to "_get_user_owned_channel" of "TempVoice" has incompatible type "User | Member"; expected "Member"  [arg-type]
src\cogs\features\temp_voice.py:477: error: Item "None" of "Guild | None" has no attribute "bitrate_limit"  [union-attr]
src\cogs\features\temp_voice.py:499: error: Function is missing a return type annotation  [no-untyped-def]
src\cogs\features\temp_voice.py:500: error: Argument 1 to "_get_user_owned_channel" of "TempVoice" has incompatible type "User | Member"; expected "Member"  [arg-type]
src\cogs\features\temp_voice.py:511: error: Item "None" of "Guild | None" has no attribute "default_role"  [union-attr]
src\cogs\features\temp_voice.py:521: error: Function is missing a return type annotation  [no-untyped-def]
src\cogs\features\temp_voice.py:522: error: Argument 1 to "_get_user_owned_channel" of "TempVoice" has incompatible type "User | Member"; expected "Member"  [arg-type]
src\cogs\features\temp_voice.py:532: error: Item "None" of "Guild | None" has no attribute "default_role"  [union-attr]
src\cogs\features\temp_voice.py:539: error: Function is missing a return type annotation  [no-untyped-def]
src\cogs\features\temp_voice.py:540: error: Argument 1 to "_get_user_owned_channel" of "TempVoice" has incompatible type "User | Member"; expected "Member"  [arg-type]
src\cogs\features\temp_voice.py:550: error: Item "None" of "Guild | None" has no attribute "default_role"  [union-attr]
src\cogs\features\temp_voice.py:560: error: Function is missing a return type annotation  [no-untyped-def]
src\cogs\features\temp_voice.py:561: error: Argument 1 to "_get_user_owned_channel" of "TempVoice" has incompatible type "User | Member"; expected "Member"  [arg-type]
src\cogs\features\temp_voice.py:571: error: Item "None" of "Guild | None" has no attribute "default_role"  [union-attr]
src\cogs\features\temp_voice.py:580: error: Function is missing a return type annotation  [no-untyped-def]
src\cogs\features\temp_voice.py:581: error: Argument 1 to "_get_user_owned_channel" of "TempVoice" has incompatible type "User | Member"; expected "Member"  [arg-type]
src\cogs\features\temp_voice.py:603: error: Item "User" of "User | Member" has no attribute "voice"  [union-attr]
src\cogs\features\temp_voice.py:604: error: Item "User" of "User | Member" has no attribute "voice"  [union-attr]
src\cogs\features\temp_voice.py:605: error: Item "User" of "User | Member" has no attribute "voice"  [union-attr]
src\cogs\features\temp_voice.py:608: error: Item "User" of "User | Member" has no attribute "move_to"  [union-attr]
src\cogs\features\temp_voice.py:624: error: Function is missing a return type annotation  [no-untyped-def]
src\cogs\features\temp_voice.py:625: error: Argument 1 to "_get_user_owned_channel" of "TempVoice" has incompatible type "User | Member"; expected "Member"  [arg-type]
src\cogs\features\temp_voice.py:648: error: Argument 1 to "set_permissions" of "GuildChannel" has incompatible type "User | Member"; expected "Member | Role"  [arg-type]
src\cogs\features\temp_voice.py:651: error: Item "User" of "User | Member" has no attribute "voice"  [union-attr]
src\cogs\features\temp_voice.py:652: error: Item "User" of "User | Member" has no attribute "voice"  [union-attr]
src\cogs\features\temp_voice.py:653: error: Item "User" of "User | Member" has no attribute "voice"  [union-attr]
src\cogs\features\temp_voice.py:655: error: Item "User" of "User | Member" has no attribute "move_to"  [union-attr]
src\cogs\features\temp_voice.py:667: error: Function is missing a return type annotation  [no-untyped-def]
src\cogs\features\temp_voice.py:668: error: Argument 1 to "_get_user_owned_channel" of "TempVoice" has incompatible type "User | Member"; expected "Member"  [arg-type]
src\cogs\features\temp_voice.py:687: error: Argument 1 to "set_permissions" of "GuildChannel" has incompatible type "User | Member"; expected "Member | Role"  [arg-type]
src\cogs\features\temp_voice.py:697: error: Function is missing a return type annotation  [no-untyped-def]
src\cogs\features\temp_voice.py:698: error: Argument 1 to "_get_user_owned_channel" of "TempVoice" has incompatible type "User | Member"; expected "Member"  [arg-type]
src\cogs\features\temp_voice.py:720: error: Item "User" of "User | Member" has no attribute "voice"  [union-attr]
src\cogs\features\temp_voice.py:721: error: Item "User" of "User | Member" has no attribute "voice"  [union-attr]
src\cogs\features\temp_voice.py:722: error: Item "User" of "User | Member" has no attribute "voice"  [union-attr]
src\cogs\features\temp_voice.py:733: error: Argument 1 to "set_permissions" of "GuildChannel" has incompatible type "User | Member"; expected "Member | Role"  [arg-type]
src\cogs\features\temp_voice.py:736: error: Argument 1 to "set_permissions" of "GuildChannel" has incompatible type "User | Member"; expected "Member | Role"  [arg-type]
src\cogs\features\temp_voice.py:750: error: Function is missing a return type annotation  [no-untyped-def]
src\cogs\features\temp_voice.py:751: error: Argument 1 to "_get_user_in_temp_channel" of "TempVoice" has incompatible type "User | Member"; expected "Member"  [arg-type]
src\cogs\features\temp_voice.py:775: error: Argument 1 to "set_permissions" of "GuildChannel" has incompatible type "User | Member"; expected "Member | Role"  [arg-type]
src\cogs\features\temp_voice.py:790: error: Function is missing a return type annotation  [no-untyped-def]
src\cogs\features\petition.py:22: error: Missing type arguments for generic type "Context"  [type-arg]
src\cogs\features\osu_info.py:22: error: Function is missing a return type annotation  [no-untyped-def]
src\cogs\features\osu_info.py:75: error: Call to untyped function "_get_first_attr" in typed context  [no-untyped-call]
src\cogs\features\osu_info.py:76: error: Call to untyped function "_get_first_attr" in typed context  [no-untyped-call]
src\cogs\features\osu_info.py:77: error: Call to untyped function "_get_first_attr" in typed context  [no-untyped-call]
src\cogs\features\osu_info.py:78: error: Call to untyped function "_get_first_attr" in typed context  [no-untyped-call]
src\cogs\features\osu_info.py:79: error: Call to untyped function "_get_first_attr" in typed context  [no-untyped-call]
src\cogs\features\osu_info.py:105: error: Function is missing a return type annotation  [no-untyped-def]
src\cogs\features\osu_info.py:121: error: Function is missing a return type annotation  [no-untyped-def]
src\cogs\features\osu_info.py:137: error: Function is missing a return type annotation  [no-untyped-def]
src\cogs\features\osu_info.py:138: error: Incompatible default for parameter "username" (default has type "None", parameter has type "str")  [assignment]
src\cogs\features\osu_info.py:138: note: PEP 484 prohibits implicit Optional. Accordingly, mypy has changed its default to no_implicit_optional=True
src\cogs\features\osu_info.py:138: note: Use https://github.com/hauntsaninja/no_implicit_optional to automatically upgrade your codebase
src\cogs\features\osu_info.py:175: error: Function is missing a return type annotation  [no-untyped-def]
src\cogs\features\osu_info.py:176: error: Incompatible default for parameter "username" (default has type "None", parameter has type "str")  [assignment]
src\cogs\features\osu_info.py:176: note: PEP 484 prohibits implicit Optional. Accordingly, mypy has changed its default to no_implicit_optional=True
src\cogs\features\osu_info.py:176: note: Use https://github.com/hauntsaninja/no_implicit_optional to automatically upgrade your codebase
src\cogs\features\osu_info.py:211: error: Function is missing a type annotation  [no-untyped-def]
src\cogs\features\osu_info.py:220: error: Function is missing a type annotation for one or more parameters  [no-untyped-def]
src\cogs\features\osu_info.py:237: error: Function is missing a type annotation for one or more parameters  [no-untyped-def]
src\cogs\features\osu_info.py:280: error: Function is missing a return type annotation  [no-untyped-def]
src\cogs\features\age_guard.py:39: error: Argument 1 to "set_adult_role" of "AgeGuardService" has incompatible type "int | None"; expected "int"  [arg-type]
src\cogs\features\age_guard.py:56: error: Argument 1 to "set_punishment_role" of "AgeGuardService" has incompatible type "int | None"; expected "int"  [arg-type]
src\cogs\features\age_guard.py:67: error: Argument 1 to "toggle_enabled" of "AgeGuardService" has incompatible type "int | None"; expected "int"  [arg-type]
src\cogs\features\age_guard.py:83: error: Argument 1 to "get_config" of "AgeGuardService" has incompatible type "int | None"; expected "int"  [arg-type]
src\cogs\features\age_guard.py:89: error: Item "None" of "Guild | None" has no attribute "get_role"  [union-attr]
src\cogs\features\age_guard.py:92: error: Item "None" of "Guild | None" has no attribute "get_role"  [union-attr]
src\cogs\features\age_guard.py:115: error: Item "None" of "Guild | None" has no attribute "name"  [union-attr]
src\cogs\features\age_guard.py:187: error: Item "DMChannel" of "TextChannel | VoiceChannel | StageChannel | Thread | DMChannel | PartialMessageable | GroupChannel" has no attribute "mention"  [union-attr]
src\cogs\features\age_guard.py:187: error: Item "GroupChannel" of "TextChannel | VoiceChannel | StageChannel | Thread | DMChannel | PartialMessageable | GroupChannel" has no attribute "mention"  [union-attr]
src\cogs\features\age_guard.py:192: error: Item "ForumChannel" of "VoiceChannel | StageChannel | ForumChannel | TextChannel | CategoryChannel" has no attribute "send"  [union-attr]
src\cogs\features\age_guard.py:192: error: Item "CategoryChannel" of "VoiceChannel | StageChannel | ForumChannel | TextChannel | CategoryChannel" has no attribute "send"  [union-attr]
src\cogs\features\achievements.py:63: error: Function is missing a return type annotation  [no-untyped-def]
src\cogs\features\achievements.py:64: error: Incompatible default for parameter "user" (default has type "None", parameter has type "User")  [assignment]
src\cogs\features\achievements.py:64: note: PEP 484 prohibits implicit Optional. Accordingly, mypy has changed its default to no_implicit_optional=True
src\cogs\features\achievements.py:64: note: Use https://github.com/hauntsaninja/no_implicit_optional to automatically upgrade your codebase
src\cogs\features\achievements.py:69: error: Statement is unreachable  [unreachable]
src\cogs\features\achievements.py:114: error: Function is missing a return type annotation  [no-untyped-def]
src\cogs\features\achievements.py:118: error: Item "None" of "Guild | None" has no attribute "id"  [union-attr]
src\cogs\features\achievements.py:122: error: Need type annotation for "by_rarity"  [var-annotated]
src\cogs\features\achievements.py:162: error: Function is missing a return type annotation  [no-untyped-def]
src\cogs\features\achievements.py:201: error: Function is missing a return type annotation  [no-untyped-def]
src\cogs\features\achievements.py:205: error: Function is missing a return type annotation  [no-untyped-def]
src\cogs\features\achievements.py:209: error: Function is missing a return type annotation  [no-untyped-def]
src\cogs\features\achievements.py:213: error: Function is missing a return type annotation  [no-untyped-def]
src\cogs\features\achievements.py:220: error: Function is missing a return type annotation  [no-untyped-def]
src\cogs\features\achievements.py:231: error: Function is missing a return type annotation  [no-untyped-def]
src\cogs\core\settings.py:58: error: Function is missing a return type annotation  [no-untyped-def]
src\cogs\core\settings.py:59: error: Missing type arguments for generic type "ChannelSelect"  [type-arg]
src\cogs\core\settings.py:65: error: Argument 1 to "set_guild_log_channel" has incompatible type "int | None"; expected "int"  [arg-type]
src\cogs\core\settings.py:68: error: Argument 1 to "set_guild_report_channel" has incompatible type "int | None"; expected "int"  [arg-type]
src\cogs\core\settings.py:84: error: Function is missing a return type annotation  [no-untyped-def]
src\cogs\core\settings.py:84: error: Missing type arguments for generic type "Button"  [type-arg]
src\cogs\core\settings.py:109: error: Function is missing a return type annotation  [no-untyped-def]
src\cogs\core\settings.py:109: error: Missing type arguments for generic type "Button"  [type-arg]
src\cogs\core\settings.py:135: error: Function is missing a return type annotation  [no-untyped-def]
src\cogs\core\settings.py:135: error: Missing type arguments for generic type "Button"  [type-arg]
src\cogs\core\settings.py:154: error: Function is missing a return type annotation  [no-untyped-def]
src\cogs\core\settings.py:155: error: Missing type arguments for generic type "Select"  [type-arg]
src\cogs\core\settings.py:162: error: Argument 1 to "build_overview_embed" of "Settings" has incompatible type "Guild | None"; expected "Guild"  [arg-type]
src\cogs\core\settings.py:166: error: Argument 1 to "get_guild_log_channel" has incompatible type "int | None"; expected "int"  [arg-type]
src\cogs\core\settings.py:183: error: Argument 1 to "get_guild_report_channel" has incompatible type "int | None"; expected "int"  [arg-type]
src\cogs\core\settings.py:200: error: Argument 1 to "build_anti_spam_panel" of "Settings" has incompatible type "int | None"; expected "int"  [arg-type]
src\cogs\core\settings.py:206: error: Argument 1 to "build_welcome_embed" of "Settings" has incompatible type "int | None"; expected "int"  [arg-type]
src\cogs\core\settings.py:210: error: Argument 1 to "build_age_guard_embed" of "Settings" has incompatible type "int | None"; expected "int"  [arg-type]
src\cogs\core\settings.py:225: error: Function is missing a return type annotation  [no-untyped-def]
src\cogs\core\settings.py:228: error: Argument 1 to "build_overview_embed" of "Settings" has incompatible type "Guild | None"; expected "Guild"  [arg-type]
src\cogs\core\settings.py:273: error: Function is missing a return type annotation  [no-untyped-def]
src\cogs\core\settings.py:477: error: Function is missing a return type annotation  [no-untyped-def]
src\cogs\core\error_handler.py:20: error: Cannot assign to a method  [method-assign]
src\cogs\core\error_handler.py:22: error: Function is missing a return type annotation  [no-untyped-def]
src\cogs\core\error_handler.py:22: note: Use "-> None" if function does not return a value
src\cogs\core\error_handler.py:24: error: Cannot assign to a method  [method-assign]
src\cogs\core\error_handler.py:24: error: Incompatible types in assignment (expression has type "Callable[[CommandTree[Bot], Interaction[Bot], AppCommandError], Coroutine[Any, Any, None]]", variable has type "Callable[[Interaction[Bot], AppCommandError], Coroutine[Any, Any, None]]")  [assignment]
src\cogs\core\error_handler.py:28: error: Function is missing a return type annotation  [no-untyped-def]
src\cogs\core\error_handler.py:86: error: Function is missing a return type annotation  [no-untyped-def]
src\cogs\core\error_handler.py:87: error: Missing type arguments for generic type "Context"  [type-arg]
src\cogs\core\error_handler.py:125: error: Function is missing a return type annotation  [no-untyped-def]
src\cogs\core\error_handler.py:135: error: Function is missing a return type annotation  [no-untyped-def]
src\cogs\core\error_handler.py:153: error: Argument "guild" to "_log_error" of "ErrorHandler" has incompatible type "Guild | None"; expected "Guild"  [arg-type]
src\cogs\core\error_handler.py:154: error: Argument "user" to "_log_error" of "ErrorHandler" has incompatible type "User | Member"; expected "User"  [arg-type]
src\cogs\core\error_handler.py:160: error: Function is missing a return type annotation  [no-untyped-def]
src\cogs\core\error_handler.py:160: error: Missing type arguments for generic type "Context"  [type-arg]
src\cogs\core\error_handler.py:170: error: Argument "guild" to "_log_error" of "ErrorHandler" has incompatible type "Guild | None"; expected "Guild"  [arg-type]
src\cogs\core\error_handler.py:171: error: Argument "user" to "_log_error" of "ErrorHandler" has incompatible type "User | Member"; expected "User"  [arg-type]
src\cogs\core\error_handler.py:177: error: Function is missing a return type annotation  [no-untyped-def]
src\cogs\core\error_handler.py:212: error: Item "ForumChannel" of "VoiceChannel | StageChannel | ForumChannel | TextChannel | CategoryChannel | Thread | PrivateChannel" has no attribute "send"  [union-attr]
src\cogs\core\error_handler.py:212: error: Item "CategoryChannel" of "VoiceChannel | StageChannel | ForumChannel | TextChannel | CategoryChannel | Thread | PrivateChannel" has no attribute "send"  [union-attr]
src\cogs\core\error_handler.py:212: error: Item "PrivateChannel" of "VoiceChannel | StageChannel | ForumChannel | TextChannel | CategoryChannel | Thread | PrivateChannel" has no attribute "send"  [union-attr]
src\cogs\core\error_handler.py:220: error: Function is missing a return type annotation  [no-untyped-def]
src\cogs\core\developer.py:27: error: Missing type arguments for generic type "Select"  [type-arg]
src\cogs\core\developer.py:57: error: Function is missing a return type annotation  [no-untyped-def]
src\cogs\core\developer.py:81: error: Need type annotation for "container"  [var-annotated]
src\cogs\core\developer.py:162: error: Need type annotation for "action_row"  [var-annotated]
src\cogs\core\developer.py:192: error: Function is missing a return type annotation  [no-untyped-def]
src\cogs\core\developer.py:192: note: Use "-> None" if function does not return a value
src\cogs\core\developer.py:195: error: "Bot" has no attribute "_start_time"  [attr-defined]
src\cogs\core\developer.py:198: error: Function is missing a return type annotation  [no-untyped-def]
src\cogs\core\developer.py:213: error: Function is missing a return type annotation  [no-untyped-def]
src\cogs\core\developer.py:236: error: Function is missing a type annotation  [no-untyped-def]
src\cogs\core\developer.py:252: error: Function is missing a return type annotation  [no-untyped-def]
src\cogs\core\bot_appearance.py:27: error: Function is missing a return type annotation  [no-untyped-def]
src\cogs\core\bot_appearance.py:27: error: Missing type arguments for generic type "Button"  [type-arg]
src\cogs\core\bot_appearance.py:37: error: Function is missing a return type annotation  [no-untyped-def]
src\cogs\core\bot_appearance.py:37: error: Missing type arguments for generic type "Button"  [type-arg]
src\cogs\core\bot_appearance.py:60: error: Function is missing a return type annotation  [no-untyped-def]
src\cogs\core\bot_appearance.py:75: error: Item "None" of "Guild | None" has no attribute "name"  [union-attr]
src\cogs\core\bot_appearance.py:93: error: Item "None" of "Guild | None" has no attribute "name"  [union-attr]
src\cogs\core\bot_appearance.py:115: error: Function is missing a return type annotation  [no-untyped-def]
src\cogs\core\bot_appearance.py:171: error: Item "ForumChannel" of "VoiceChannel | StageChannel | ForumChannel | TextChannel | CategoryChannel | Thread | PrivateChannel" has no attribute "send"  [union-attr]
src\cogs\core\bot_appearance.py:171: error: Item "CategoryChannel" of "VoiceChannel | StageChannel | ForumChannel | TextChannel | CategoryChannel | Thread | PrivateChannel" has no attribute "send"  [union-attr]
src\cogs\core\bot_appearance.py:171: error: Item "PrivateChannel" of "VoiceChannel | StageChannel | ForumChannel | TextChannel | CategoryChannel | Thread | PrivateChannel" has no attribute "send"  [union-attr]
src\cogs\core\bot_appearance.py:200: error: Item "ForumChannel" of "VoiceChannel | StageChannel | ForumChannel | TextChannel | CategoryChannel | Thread | PrivateChannel" has no attribute "send"  [union-attr]
src\cogs\core\bot_appearance.py:200: error: Item "CategoryChannel" of "VoiceChannel | StageChannel | ForumChannel | TextChannel | CategoryChannel | Thread | PrivateChannel" has no attribute "send"  [union-attr]
src\cogs\core\bot_appearance.py:200: error: Item "PrivateChannel" of "VoiceChannel | StageChannel | ForumChannel | TextChannel | CategoryChannel | Thread | PrivateChannel" has no attribute "send"  [union-attr]
src\cogs\core\bot_appearance.py:206: error: Function is missing a return type annotation  [no-untyped-def]
src\cogs\core\bot_appearance.py:206: error: Incompatible default for parameter "name" (default has type "None", parameter has type "str")  [assignment]
src\cogs\core\bot_appearance.py:206: note: PEP 484 prohibits implicit Optional. Accordingly, mypy has changed its default to no_implicit_optional=True
src\cogs\core\bot_appearance.py:206: note: Use https://github.com/hauntsaninja/no_implicit_optional to automatically upgrade your codebase
src\cogs\core\bot_appearance.py:208: error: Item "User" of "User | Member" has no attribute "guild_permissions"  [union-attr]
src\cogs\core\bot_appearance.py:215: error: Item "None" of "Guild | None" has no attribute "me"  [union-attr]
src\cogs\core\bot_appearance.py:245: error: Function is missing a return type annotation  [no-untyped-def]
src\cogs\core\bot_appearance.py:249: error: Item "User" of "User | Member" has no attribute "guild_permissions"  [union-attr]
src\cogs\core\bot_appearance.py:294: error: Function is missing a return type annotation  [no-untyped-def]
src\cogs\core\bot_appearance.py:298: error: Item "User" of "User | Member" has no attribute "guild_permissions"  [union-attr]
src\cogs\core\bot_appearance.py:350: error: Function is missing a return type annotation  [no-untyped-def]
src\cogs\core\bot_appearance.py:356: error: Item "User" of "User | Member" has no attribute "guild_permissions"  [union-attr]
src\cogs\core\bot_appearance.py:378: error: Need type annotation for "payload" (hint: "payload: dict[<type>, <type>] = ...")  [var-annotated]
src\cogs\core\bot_appearance.py:405: error: Function is missing a return type annotation  [no-untyped-def]
src\cogs\core\audit_log.py:19: error: Function is missing a return type annotation  [no-untyped-def]
src\cogs\core\audit_log.py:36: error: Function is missing a return type annotation  [no-untyped-def]
src\cogs\core\audit_log.py:68: error: Function is missing a return type annotation  [no-untyped-def]
src\cogs\core\audit_log.py:122: error: Function is missing a return type annotation  [no-untyped-def]
src\cogs\core\audit_log.py:209: error: Function is missing a return type annotation  [no-untyped-def]
src\cogs\core\audit_log.py:304: error: Function is missing a return type annotation  [no-untyped-def]
src\cogs\core\audit_log.py:329: error: Function is missing a return type annotation  [no-untyped-def]
src\cogs\core\audit_log.py:354: error: Function is missing a return type annotation  [no-untyped-def]
src\cogs\core\audit_log.py:444: error: Function is missing a return type annotation  [no-untyped-def]
src\cogs\core\admin.py:269: error: Missing type arguments for generic type "Select"  [type-arg]
src\cogs\core\admin.py:288: error: Function is missing a return type annotation  [no-untyped-def]
src\cogs\core\admin.py:319: error: Need type annotation for "container"  [var-annotated]
src\cogs\core\admin.py:346: error: Need type annotation for "action_row"  [var-annotated]
src\cogs\core\admin.py:372: error: Function is missing a return type annotation  [no-untyped-def]
src\cogs\core\admin.py:375: error: Function is missing a type annotation  [no-untyped-def]
src\cogs\core\admin.py:391: error: Argument 1 has incompatible type "Callable[[Admin, Any, int], Coroutine[Any, Any, Any]]"; expected "def (Never, Never, /, *Never, **Never) -> Coroutine[Any, Any, Never] | def (Never, /, *Never, **Never) -> Coroutine[Any, Any, Never]"  [arg-type]
src\cogs\core\admin.py:395: error: Function is missing a return type annotation  [no-untyped-def]
src\cogs\core\admin.py:395: error: Function is missing a type annotation for one or more parameters  [no-untyped-def]
src\cogs\core\admin.py:409: error: Argument 1 has incompatible type "Callable[[Admin, Any, Member, str], Coroutine[Any, Any, Any]]"; expected "def (Never, Never, /, *Never, **Never) -> Coroutine[Any, Any, Never] | def (Never, /, *Never, **Never) -> Coroutine[Any, Any, Never]"  [arg-type]
src\cogs\core\admin.py:412: error: Function is missing a return type annotation  [no-untyped-def]
src\cogs\core\admin.py:412: error: Function is missing a type annotation for one or more parameters  [no-untyped-def]
src\cogs\core\admin.py:440: error: Argument 1 has incompatible type "Callable[[Admin, Any, Member, str], Coroutine[Any, Any, Any]]"; expected "def (Never, Never, /, *Never, **Never) -> Coroutine[Any, Any, Never] | def (Never, /, *Never, **Never) -> Coroutine[Any, Any, Never]"  [arg-type]
src\cogs\core\admin.py:443: error: Function is missing a return type annotation  [no-untyped-def]
src\cogs\core\admin.py:443: error: Function is missing a type annotation for one or more parameters  [no-untyped-def]
src\cogs\core\admin.py:471: error: Argument 1 has incompatible type "Callable[[Admin, Any, Member, int, str], Coroutine[Any, Any, Any]]"; expected "def (Never, Never, /, *Never, **Never) -> Coroutine[Any, Any, Never] | def (Never, /, *Never, **Never) -> Coroutine[Any, Any, Never]"  [arg-type]
src\cogs\core\admin.py:476: error: Function is missing a return type annotation  [no-untyped-def]
src\cogs\core\admin.py:476: error: Function is missing a type annotation for one or more parameters  [no-untyped-def]
src\cogs\core\admin.py:507: error: Argument 1 has incompatible type "Callable[[Admin, Any, Member, str], Coroutine[Any, Any, Any]]"; expected "def (Never, Never, /, *Never, **Never) -> Coroutine[Any, Any, Never] | def (Never, /, *Never, **Never) -> Coroutine[Any, Any, Never]"  [arg-type]
src\cogs\core\admin.py:510: error: Function is missing a return type annotation  [no-untyped-def]
src\cogs\core\admin.py:510: error: Function is missing a type annotation for one or more parameters  [no-untyped-def]
src\cogs\core\admin.py:531: error: Argument 1 has incompatible type "Callable[[Admin, Any], Coroutine[Any, Any, Any]]"; expected "def (Never, Never, /, *Never, **Never) -> Coroutine[Any, Any, Never] | def (Never, /, *Never, **Never) -> Coroutine[Any, Any, Never]"  [arg-type]
src\cogs\core\admin.py:532: error: Function is missing a type annotation  [no-untyped-def]
src\cogs\core\admin.py:540: error: Function is missing a return type annotation  [no-untyped-def]
src\bot_types\bot_types.py:30: error: Name "discord.ApplicationContext" is not defined  [name-defined]
src\utils\lavalink_node.py:10: error: Incompatible types in assignment (expression has type "None", variable has type Module)  [assignment]
src\utils\lavalink_node.py:19: error: Name "discord.Bot" is not defined  [name-defined]
src\utils\lavalink_node.py:23: error: Function is missing a return type annotation  [no-untyped-def]
src\utils\lavalink_node.py:38: error: Module has no attribute "NodePool"  [attr-defined]
src\utils\lavalink_node.py:48: error: "object" has no attribute "destroy"  [attr-defined]
src\utils\lavalink_node.py:56: error: Name "discord.Bot" is not defined  [name-defined]
src\cogs\features\management.py:23: error: Function is missing a return type annotation  [no-untyped-def]
src\cogs\features\management.py:23: note: Use "-> None" if function does not return a value
src\cogs\features\management.py:33: error: Function is missing a return type annotation  [no-untyped-def]
src\cogs\features\management.py:36: error: Item "User" of "User | Member" has no attribute "guild_permissions"  [union-attr]
src\cogs\features\management.py:43: error: Item "None" of "Guild | None" has no attribute "id"  [union-attr]
src\cogs\features\management.py:67: error: Function is missing a return type annotation  [no-untyped-def]
src\cogs\features\management.py:68: error: Item "User" of "User | Member" has no attribute "guild_permissions"  [union-attr]
src\cogs\features\management.py:75: error: Item "None" of "Guild | None" has no attribute "id"  [union-attr]
src\cogs\features\management.py:93: error: Function is missing a return type annotation  [no-untyped-def]
src\cogs\features\management.py:94: error: Item "None" of "Guild | None" has no attribute "id"  [union-attr]
src\cogs\features\management.py:121: error: Item "PrivateChannel" of "VoiceChannel | StageChannel | ForumChannel | TextChannel | CategoryChannel | Thread | PrivateChannel" has no attribute "mention"  [union-attr]
src\cogs\features\management.py:135: error: Function is missing a return type annotation  [no-untyped-def]
src\cogs\features\management.py:135: note: Use "-> None" if function does not return a value
src\cogs\features\management.py:171: error: Item "ForumChannel" of "VoiceChannel | StageChannel | ForumChannel | TextChannel | CategoryChannel | Thread | PrivateChannel" has no attribute "send"  [union-attr]
src\cogs\features\management.py:171: error: Item "CategoryChannel" of "VoiceChannel | StageChannel | ForumChannel | TextChannel | CategoryChannel | Thread | PrivateChannel" has no attribute "send"  [union-attr]
src\cogs\features\management.py:171: error: Item "PrivateChannel" of "VoiceChannel | StageChannel | ForumChannel | TextChannel | CategoryChannel | Thread | PrivateChannel" has no attribute "send"  [union-attr]
src\cogs\features\management.py:190: error: Item "ForumChannel" of "VoiceChannel | StageChannel | ForumChannel | TextChannel | CategoryChannel | Thread | PrivateChannel" has no attribute "send"  [union-attr]
src\cogs\features\management.py:190: error: Item "CategoryChannel" of "VoiceChannel | StageChannel | ForumChannel | TextChannel | CategoryChannel | Thread | PrivateChannel" has no attribute "send"  [union-attr]
src\cogs\features\management.py:190: error: Item "PrivateChannel" of "VoiceChannel | StageChannel | ForumChannel | TextChannel | CategoryChannel | Thread | PrivateChannel" has no attribute "send"  [union-attr]
src\cogs\features\management.py:200: error: Function is missing a return type annotation  [no-untyped-def]
src\cogs\features\management.py:203: error: Item "User" of "User | Member" has no attribute "guild_permissions"  [union-attr]
src\cogs\features\management.py:224: error: Item "User" of "User | Member" has no attribute "top_role"  [union-attr]
src\cogs\features\management.py:244: error: Function is missing a return type annotation  [no-untyped-def]
src\cogs\features\management.py:247: error: Item "User" of "User | Member" has no attribute "guild_permissions"  [union-attr]
src\cogs\features\management.py:268: error: Item "User" of "User | Member" has no attribute "top_role"  [union-attr]
src\cogs\features\management.py:291: error: Function is missing a return type annotation  [no-untyped-def]
src\cogs\features\management.py:335: error: Function is missing a return type annotation  [no-untyped-def]
src\cogs\features\management.py:338: error: Item "User" of "User | Member" has no attribute "guild_permissions"  [union-attr]
src\cogs\features\management.py:345: error: Item "None" of "str | None" has no attribute "startswith"  [union-attr]
src\cogs\features\management.py:353: error: Item "None" of "Guild | None" has no attribute "create_custom_emoji"  [union-attr]
src\cogs\features\management.py:378: error: Function is missing a return type annotation  [no-untyped-def]
src\cogs\features\management.py:383: error: Incompatible default for parameter "embed_title" (default has type "None", parameter has type "str")  [assignment]
src\cogs\features\management.py:383: note: PEP 484 prohibits implicit Optional. Accordingly, mypy has changed its default to no_implicit_optional=True
src\cogs\features\management.py:383: note: Use https://github.com/hauntsaninja/no_implicit_optional to automatically upgrade your codebase
src\cogs\features\management.py:384: error: Incompatible default for parameter "embed_color" (default has type "None", parameter has type "str")  [assignment]
src\cogs\features\management.py:384: note: PEP 484 prohibits implicit Optional. Accordingly, mypy has changed its default to no_implicit_optional=True
src\cogs\features\management.py:384: note: Use https://github.com/hauntsaninja/no_implicit_optional to automatically upgrade your codebase
src\cogs\features\management.py:385: error: Incompatible default for parameter "auto_role" (default has type "None", parameter has type "Role")  [assignment]
src\cogs\features\management.py:385: note: PEP 484 prohibits implicit Optional. Accordingly, mypy has changed its default to no_implicit_optional=True
src\cogs\features\management.py:385: note: Use https://github.com/hauntsaninja/no_implicit_optional to automatically upgrade your codebase
src\cogs\features\management.py:388: error: Item "User" of "User | Member" has no attribute "guild_permissions"  [union-attr]
src\cogs\features\management.py:397: error: Item "None" of "Guild | None" has no attribute "id"  [union-attr]
src\cogs\features\management.py:442: error: Function is missing a return type annotation  [no-untyped-def]
src\cogs\features\management.py:481: error: Function is missing a return type annotation  [no-untyped-def]
src\cogs\features\management.py:484: error: Incompatible default for parameter "test_user" (default has type "None", parameter has type "str")  [assignment]
src\cogs\features\management.py:484: note: PEP 484 prohibits implicit Optional. Accordingly, mypy has changed its default to no_implicit_optional=True
src\cogs\features\management.py:484: note: Use https://github.com/hauntsaninja/no_implicit_optional to automatically upgrade your codebase
src\cogs\features\management.py:485: error: Incompatible default for parameter "test_server" (default has type "None", parameter has type "str")  [assignment]
src\cogs\features\management.py:485: note: PEP 484 prohibits implicit Optional. Accordingly, mypy has changed its default to no_implicit_optional=True
src\cogs\features\management.py:485: note: Use https://github.com/hauntsaninja/no_implicit_optional to automatically upgrade your codebase
src\cogs\features\management.py:487: error: Item "None" of "Guild | None" has no attribute "id"  [union-attr]
src\cogs\features\management.py:501: error: Item "None" of "Guild | None" has no attribute "name"  [union-attr]
src\cogs\features\management.py:506: error: Item "None" of "Guild | None" has no attribute "member_count"  [union-attr]
src\cogs\features\management.py:507: error: Item "None" of "Guild | None" has no attribute "created_at"  [union-attr]
src\cogs\features\management.py:519: error: Item "None" of "Guild | None" has no attribute "icon"  [union-attr]
src\cogs\features\management.py:521: error: Item "None" of "Guild | None" has no attribute "member_count"  [union-attr]
src\cogs\features\management.py:527: error: Function is missing a return type annotation  [no-untyped-def]
src\cogs\features\management.py:528: error: Item "User" of "User | Member" has no attribute "guild_permissions"  [union-attr]
src\cogs\features\management.py:535: error: Item "None" of "Guild | None" has no attribute "id"  [union-attr]
src\cogs\features\management.py:559: error: Function is missing a return type annotation  [no-untyped-def]
src\cogs\features\management.py:567: error: Item "User" of "User | Member" has no attribute "guild_permissions"  [union-attr]
src\cogs\features\management.py:588: error: Item "User" of "User | Member" has no attribute "top_role"  [union-attr]
src\cogs\features\management.py:595: error: Item "None" of "Guild | None" has no attribute "id"  [union-attr]
src\cogs\features\management.py:628: error: Function is missing a return type annotation  [no-untyped-def]
src\cogs\features\management.py:629: error: Item "None" of "Guild | None" has no attribute "id"  [union-attr]
src\cogs\features\management.py:647: error: Item "None" of "Guild | None" has no attribute "get_role"  [union-attr]
src\cogs\features\management.py:669: error: Function is missing a return type annotation  [no-untyped-def]
src\cogs\features\management.py:670: error: Item "User" of "User | Member" has no attribute "guild_permissions"  [union-attr]
src\cogs\features\management.py:677: error: Item "None" of "Guild | None" has no attribute "id"  [union-attr]
src\cogs\features\management.py:693: error: Item "None" of "Guild | None" has no attribute "get_role"  [union-attr]
src\cogs\features\management.py:701: error: Function is missing a return type annotation  [no-untyped-def]
src\cogs\features\management.py:735: error: Item "ForumChannel" of "VoiceChannel | StageChannel | ForumChannel | TextChannel | CategoryChannel" has no attribute "send"  [union-attr]
src\cogs\features\management.py:735: error: Item "CategoryChannel" of "VoiceChannel | StageChannel | ForumChannel | TextChannel | CategoryChannel" has no attribute "send"  [union-attr]
src\cogs\features\management.py:737: error: Item "ForumChannel" of "VoiceChannel | StageChannel | ForumChannel | TextChannel | CategoryChannel" has no attribute "send"  [union-attr]
src\cogs\features\management.py:737: error: Item "CategoryChannel" of "VoiceChannel | StageChannel | ForumChannel | TextChannel | CategoryChannel" has no attribute "send"  [union-attr]
src\cogs\features\management.py:777: error: "Member" has no attribute "verified"  [attr-defined]
src\cogs\features\management.py:794: error: Function is missing a return type annotation  [no-untyped-def]
src\cogs\features\giveaway.py:35: error: Function is missing a return type annotation  [no-untyped-def]
src\cogs\features\giveaway.py:35: error: Missing type arguments for generic type "Button"  [type-arg]
src\cogs\features\giveaway.py:59: error: Item "None" of "Message | None" has no attribute "embeds"  [union-attr]
src\cogs\features\giveaway.py:63: error: Item "None" of "Message | None" has no attribute "edit"  [union-attr]
src\cogs\features\giveaway.py:98: error: Function is missing a return type annotation  [no-untyped-def]
src\cogs\features\giveaway.py:98: note: Use "-> None" if function does not return a value
src\cogs\features\giveaway.py:102: error: Function is missing a return type annotation  [no-untyped-def]
src\cogs\features\giveaway.py:102: note: Use "-> None" if function does not return a value
src\cogs\features\giveaway.py:112: error: Function is missing a return type annotation  [no-untyped-def]
src\cogs\features\giveaway.py:112: note: Use "-> None" if function does not return a value
src\cogs\features\giveaway.py:135: error: Function is missing a return type annotation  [no-untyped-def]
src\cogs\features\giveaway.py:141: error: Incompatible default for parameter "channel" (default has type "None", parameter has type "TextChannel")  [assignment]
src\cogs\features\giveaway.py:141: note: PEP 484 prohibits implicit Optional. Accordingly, mypy has changed its default to no_implicit_optional=True
src\cogs\features\giveaway.py:141: note: Use https://github.com/hauntsaninja/no_implicit_optional to automatically upgrade your codebase
src\cogs\features\giveaway.py:142: error: Incompatible default for parameter "description" (default has type "None", parameter has type "str")  [assignment]
src\cogs\features\giveaway.py:142: note: PEP 484 prohibits implicit Optional. Accordingly, mypy has changed its default to no_implicit_optional=True
src\cogs\features\giveaway.py:142: note: Use https://github.com/hauntsaninja/no_implicit_optional to automatically upgrade your codebase
src\cogs\features\giveaway.py:182: error: Item "ForumChannel" of "TextChannel | VoiceChannel | StageChannel | ForumChannel | CategoryChannel | Thread | DMChannel | GroupChannel | None" has no attribute "send"  [union-attr]
src\cogs\features\giveaway.py:182: error: Item "CategoryChannel" of "TextChannel | VoiceChannel | StageChannel | ForumChannel | CategoryChannel | Thread | DMChannel | GroupChannel | None" has no attribute "send"  [union-attr]
src\cogs\features\giveaway.py:182: error: Item "None" of "TextChannel | VoiceChannel | StageChannel | ForumChannel | CategoryChannel | Thread | DMChannel | GroupChannel | None" has no attribute "send"  [union-attr]
src\cogs\features\giveaway.py:188: error: Item "None" of "TextChannel | VoiceChannel | StageChannel | ForumChannel | CategoryChannel | Thread | DMChannel | GroupChannel | None" has no attribute "id"  [union-attr]
src\cogs\features\giveaway.py:204: error: Item "DMChannel" of "TextChannel | VoiceChannel | StageChannel | ForumChannel | CategoryChannel | Thread | DMChannel | GroupChannel | None" has no attribute "mention"  [union-attr]
src\cogs\features\giveaway.py:204: error: Item "GroupChannel" of "TextChannel | VoiceChannel | StageChannel | ForumChannel | CategoryChannel | Thread | DMChannel | GroupChannel | None" has no attribute "mention"  [union-attr]
src\cogs\features\giveaway.py:204: error: Item "None" of "TextChannel | VoiceChannel | StageChannel | ForumChannel | CategoryChannel | Thread | DMChannel | GroupChannel | None" has no attribute "mention"  [union-attr]
src\cogs\features\giveaway.py:211: error: Function is missing a return type annotation  [no-untyped-def]
src\cogs\features\giveaway.py:236: error: Function is missing a return type annotation  [no-untyped-def]
src\cogs\features\giveaway.py:240: error: Incompatible default for parameter "winners" (default has type "None", parameter has type "int")  [assignment]
src\cogs\features\giveaway.py:240: note: PEP 484 prohibits implicit Optional. Accordingly, mypy has changed its default to no_implicit_optional=True
src\cogs\features\giveaway.py:240: note: Use https://github.com/hauntsaninja/no_implicit_optional to automatically upgrade your codebase
src\cogs\features\giveaway.py:266: error: Item "ForumChannel" of "VoiceChannel | StageChannel | ForumChannel | TextChannel | CategoryChannel | Thread | PrivateChannel" has no attribute "send"  [union-attr]
src\cogs\features\giveaway.py:266: error: Item "CategoryChannel" of "VoiceChannel | StageChannel | ForumChannel | TextChannel | CategoryChannel | Thread | PrivateChannel" has no attribute "send"  [union-attr]
src\cogs\features\giveaway.py:266: error: Item "PrivateChannel" of "VoiceChannel | StageChannel | ForumChannel | TextChannel | CategoryChannel | Thread | PrivateChannel" has no attribute "send"  [union-attr]
src\cogs\features\giveaway.py:275: error: Function is missing a return type annotation  [no-untyped-def]
src\cogs\features\giveaway.py:278: error: Argument 1 to "list_active" of "GiveawayService" has incompatible type "int | None"; expected "int"  [arg-type]
src\cogs\features\giveaway.py:307: error: Function is missing a return type annotation  [no-untyped-def]
src\cogs\features\giveaway.py:307: error: Missing type arguments for generic type "dict"  [type-arg]
src\cogs\features\giveaway.py:340: error: Item "ForumChannel" of "VoiceChannel | StageChannel | ForumChannel | TextChannel | CategoryChannel | Thread | PrivateChannel" has no attribute "fetch_message"  [union-attr]
src\cogs\features\giveaway.py:340: error: Item "CategoryChannel" of "VoiceChannel | StageChannel | ForumChannel | TextChannel | CategoryChannel | Thread | PrivateChannel" has no attribute "fetch_message"  [union-attr]
src\cogs\features\giveaway.py:340: error: Item "PrivateChannel" of "VoiceChannel | StageChannel | ForumChannel | TextChannel | CategoryChannel | Thread | PrivateChannel" has no attribute "fetch_message"  [union-attr]
src\cogs\features\giveaway.py:359: error: Item "ForumChannel" of "VoiceChannel | StageChannel | ForumChannel | TextChannel | CategoryChannel | Thread | PrivateChannel" has no attribute "send"  [union-attr]
src\cogs\features\giveaway.py:359: error: Item "CategoryChannel" of "VoiceChannel | StageChannel | ForumChannel | TextChannel | CategoryChannel | Thread | PrivateChannel" has no attribute "send"  [union-attr]
src\cogs\features\giveaway.py:359: error: Item "PrivateChannel" of "VoiceChannel | StageChannel | ForumChannel | TextChannel | CategoryChannel | Thread | PrivateChannel" has no attribute "send"  [union-attr]
src\cogs\features\giveaway.py:362: error: Item "ForumChannel" of "VoiceChannel | StageChannel | ForumChannel | TextChannel | CategoryChannel | Thread | PrivateChannel" has no attribute "send"  [union-attr]
src\cogs\features\giveaway.py:362: error: Item "CategoryChannel" of "VoiceChannel | StageChannel | ForumChannel | TextChannel | CategoryChannel | Thread | PrivateChannel" has no attribute "send"  [union-attr]
src\cogs\features\giveaway.py:362: error: Item "PrivateChannel" of "VoiceChannel | StageChannel | ForumChannel | TextChannel | CategoryChannel | Thread | PrivateChannel" has no attribute "send"  [union-attr]
src\cogs\features\giveaway.py:370: error: Function is missing a return type annotation  [no-untyped-def]
src\cogs\features\github_watch.py:44: error: Function is missing a return type annotation  [no-untyped-def]
src\cogs\features\github_watch.py:44: note: Use "-> None" if function does not return a value
src\cogs\features\github_watch.py:47: error: Missing type arguments for generic type "dict"  [type-arg]
src\cogs\features\github_watch.py:52: error: Returning Any from function declared to return "dict[Any, Any]"  [no-any-return]
src\cogs\features\github_watch.py:56: error: Function is missing a return type annotation  [no-untyped-def]
src\cogs\features\github_watch.py:56: note: Use "-> None" if function does not return a value
src\cogs\features\github_watch.py:60: error: Missing type arguments for generic type "dict"  [type-arg]
src\cogs\features\github_watch.py:64: error: Incompatible return value type (got "GitHubAPIManager", expected "ClientSession")  [return-value]
src\cogs\features\github_watch.py:66: error: Missing type arguments for generic type "dict"  [type-arg]
src\cogs\features\github_watch.py:71: error: "ClientSession" has no attribute "get_commits"  [attr-defined]
src\cogs\features\github_watch.py:111: error: Function is missing a return type annotation  [no-untyped-def]
src\cogs\features\github_watch.py:112: error: Missing type arguments for generic type "dict"  [type-arg]
src\cogs\features\github_watch.py:154: error: Item "ForumChannel" of "VoiceChannel | StageChannel | ForumChannel | TextChannel | CategoryChannel" has no attribute "send"  [union-attr]
src\cogs\features\github_watch.py:154: error: Item "CategoryChannel" of "VoiceChannel | StageChannel | ForumChannel | TextChannel | CategoryChannel" has no attribute "send"  [union-attr]
src\cogs\features\github_watch.py:157: error: Function is missing a return type annotation  [no-untyped-def]
src\cogs\features\github_watch.py:157: note: Use "-> None" if function does not return a value
src\cogs\features\github_watch.py:186: error: Call to untyped function "_save_config" in typed context  [no-untyped-call]
src\cogs\features\github_watch.py:195: error: Function is missing a return type annotation  [no-untyped-def]
src\cogs\features\github_watch.py:195: note: Use "-> None" if function does not return a value
src\cogs\features\github_watch.py:209: error: Function is missing a return type annotation  [no-untyped-def]
src\cogs\features\github_watch.py:230: error: Call to untyped function "_save_config" in typed context  [no-untyped-call]
src\cogs\features\github_watch.py:238: error: Function is missing a return type annotation  [no-untyped-def]
src\cogs\features\github_watch.py:241: error: Argument 1 to "_get_guild_cfg" of "GithubWatch" has incompatible type "int | None"; expected "int"  [arg-type]
src\cogs\features\github_watch.py:261: error: Function is missing a return type annotation  [no-untyped-def]
src\cogs\features\github_watch.py:264: error: Argument 1 to "_get_guild_cfg" of "GithubWatch" has incompatible type "int | None"; expected "int"  [arg-type]
src\cogs\features\github_watch.py:272: error: Call to untyped function "_save_config" in typed context  [no-untyped-call]
src\cogs\features\github_watch.py:276: error: Function is missing a return type annotation  [no-untyped-def]
src\cogs\features\github_watch.py:278: error: Argument 1 to "init_github_manager" has incompatible type "str | None"; expected "str"  [arg-type]
src\cogs\features\genshin_cog.py:36: error: Need type annotation for "ltoken"  [var-annotated]
src\cogs\features\genshin_cog.py:42: error: Need type annotation for "ltuid"  [var-annotated]
src\cogs\features\genshin_cog.py:48: error: Need type annotation for "cookie_token"  [var-annotated]
src\cogs\features\genshin_cog.py:58: error: Need type annotation for "ltoken_v2"  [var-annotated]
src\cogs\features\genshin_cog.py:64: error: Need type annotation for "ltuid_v2"  [var-annotated]
src\cogs\features\genshin_cog.py:70: error: Need type annotation for "cookie_token_v2"  [var-annotated]
src\cogs\features\genshin_cog.py:80: error: Function is missing a return type annotation  [no-untyped-def]
src\cogs\features\genshin_cog.py:222: error: Function is missing a return type annotation  [no-untyped-def]
src\cogs\features\genshin_cog.py:223: error: Missing type arguments for generic type "Button"  [type-arg]
src\cogs\features\genshin_cog.py:229: error: Function is missing a return type annotation  [no-untyped-def]
src\cogs\features\genshin_cog.py:230: error: Missing type arguments for generic type "Button"  [type-arg]
src\cogs\features\genshin_cog.py:250: error: Call to untyped function "_init_character_names" in typed context  [no-untyped-call]
src\cogs\features\genshin_cog.py:252: error: Function is missing a return type annotation  [no-untyped-def]
src\cogs\features\genshin_cog.py:252: note: Use "-> None" if function does not return a value
src\cogs\features\genshin_cog.py:256: error: Function is missing a return type annotation  [no-untyped-def]
src\cogs\features\genshin_cog.py:256: note: Use "-> None" if function does not return a value
src\cogs\features\genshin_cog.py:274: error: Returning Any from function declared to return "str"  [no-any-return]
src\cogs\features\genshin_cog.py:311: error: Function is missing a return type annotation  [no-untyped-def]
src\cogs\features\genshin_cog.py:311: note: Use "-> None" if function does not return a value
src\cogs\features\genshin_cog.py:351: error: Function is missing a return type annotation  [no-untyped-def]
src\cogs\features\genshin_cog.py:351: note: Use "-> None" if function does not return a value
src\cogs\features\genshin_cog.py:371: error: Function is missing a return type annotation  [no-untyped-def]
src\cogs\features\genshin_cog.py:378: error: Function is missing a return type annotation  [no-untyped-def]
src\cogs\features\genshin_cog.py:398: error: Function is missing a return type annotation  [no-untyped-def]
src\cogs\features\genshin_cog.py:413: error: Function is missing a return type annotation  [no-untyped-def]
src\cogs\features\genshin_cog.py:463: error: Function is missing a return type annotation  [no-untyped-def]
src\cogs\features\genshin_cog.py:480: error: Function is missing a return type annotation  [no-untyped-def]
src\cogs\features\genshin_cog.py:525: error: Function is missing a return type annotation  [no-untyped-def]
src\cogs\features\genshin_cog.py:693: error: Function is missing a return type annotation  [no-untyped-def]
src\cogs\features\genshin_cog.py:736: error: Function is missing a return type annotation  [no-untyped-def]
src\cogs\features\genshin_cog.py:802: error: Function is missing a return type annotation  [no-untyped-def]
src\cogs\features\genshin_cog.py:886: error: Function is missing a return type annotation  [no-untyped-def]
src\cogs\core\performance_monitor.py:16: error: Function is missing a return type annotation  [no-untyped-def]
src\cogs\core\performance_monitor.py:16: note: Use "-> None" if function does not return a value
src\cogs\core\performance_monitor.py:20: error: Function is missing a return type annotation  [no-untyped-def]
src\cogs\core\performance_monitor.py:20: note: Use "-> None" if function does not return a value
src\cogs\core\performance_monitor.py:24: error: Call to untyped function "collect_performance_metrics" in typed context  [no-untyped-call]
src\cogs\core\performance_monitor.py:28: error: Function is missing a return type annotation  [no-untyped-def]
src\cogs\core\performance_monitor.py:28: note: Use "-> None" if function does not return a value
src\cogs\core\performance_monitor.py:72: error: Function is missing a return type annotation  [no-untyped-def]
src\cogs\core\system_maintenance.py:7: error: Library stubs not installed for "psutil"  [import-untyped]
src\cogs\core\system_maintenance.py:7: note: Hint: "python3 -m pip install types-psutil"
src\cogs\core\system_maintenance.py:7: note: (or run "mypy --install-types" to install all missing stub packages)
src\cogs\core\system_maintenance.py:7: note: See https://mypy.readthedocs.io/en/stable/running_mypy.html#missing-imports
src\cogs\core\system_maintenance.py:25: error: Function is missing a return type annotation  [no-untyped-def]
src\cogs\core\system_maintenance.py:25: note: Use "-> None" if function does not return a value
src\cogs\core\system_maintenance.py:30: error: Function is missing a return type annotation  [no-untyped-def]
src\cogs\core\system_maintenance.py:30: note: Use "-> None" if function does not return a value
src\cogs\core\system_maintenance.py:34: error: Call to untyped function "perform_system_cleanup" in typed context  [no-untyped-call]
src\cogs\core\system_maintenance.py:35: error: Call to untyped function "optimize_caches" in typed context  [no-untyped-call]
src\cogs\core\system_maintenance.py:36: error: Call to untyped function "check_system_health" in typed context  [no-untyped-call]
src\cogs\core\system_maintenance.py:41: error: Function is missing a return type annotation  [no-untyped-def]
src\cogs\core\system_maintenance.py:41: note: Use "-> None" if function does not return a value
src\cogs\core\system_maintenance.py:45: error: Call to untyped function "collect_performance_metrics" in typed context  [no-untyped-call]
src\cogs\core\system_maintenance.py:49: error: Function is missing a return type annotation  [no-untyped-def]
src\cogs\core\system_maintenance.py:49: note: Use "-> None" if function does not return a value
src\cogs\core\system_maintenance.py:59: error: Call to untyped function "cleanup_old_data" in typed context  [no-untyped-call]
src\cogs\core\system_maintenance.py:64: error: Function is missing a return type annotation  [no-untyped-def]
src\cogs\core\system_maintenance.py:64: note: Use "-> None" if function does not return a value
src\cogs\core\system_maintenance.py:78: error: Function is missing a return type annotation  [no-untyped-def]
src\cogs\core\system_maintenance.py:78: note: Use "-> None" if function does not return a value
src\cogs\core\system_maintenance.py:81: error: Function is missing a return type annotation  [no-untyped-def]
src\cogs\core\system_maintenance.py:81: note: Use "-> None" if function does not return a value
src\cogs\core\system_maintenance.py:88: error: Call to untyped function "perform_emergency_cleanup" in typed context  [no-untyped-call]
src\cogs\core\system_maintenance.py:96: error: Function is missing a return type annotation  [no-untyped-def]
src\cogs\core\system_maintenance.py:96: note: Use "-> None" if function does not return a value
src\cogs\core\system_maintenance.py:118: error: Function is missing a return type annotation  [no-untyped-def]
src\cogs\core\system_maintenance.py:118: note: Use "-> None" if function does not return a value
src\cogs\core\system_maintenance.py:124: error: Function is missing a return type annotation  [no-untyped-def]
src\cogs\features\anti_spam.py:27: error: Call to untyped function "AntiSpamManager" in typed context  [no-untyped-call]
src\cogs\features\anti_spam.py:33: error: Function is missing a return type annotation  [no-untyped-def]
src\cogs\features\anti_spam.py:42: error: Item "ForumChannel" of "VoiceChannel | StageChannel | ForumChannel | TextChannel | CategoryChannel | Thread | PrivateChannel" has no attribute "send"  [union-attr]
src\cogs\features\anti_spam.py:42: error: Item "CategoryChannel" of "VoiceChannel | StageChannel | ForumChannel | TextChannel | CategoryChannel | Thread | PrivateChannel" has no attribute "send"  [union-attr]
src\cogs\features\anti_spam.py:42: error: Item "PrivateChannel" of "VoiceChannel | StageChannel | ForumChannel | TextChannel | CategoryChannel | Thread | PrivateChannel" has no attribute "send"  [union-attr]
src\cogs\features\anti_spam.py:56: error: Item "None" of "Guild | None" has no attribute "id"  [union-attr]
src\cogs\features\anti_spam.py:75: error: Item "DMChannel" of "TextChannel | VoiceChannel | StageChannel | Thread | DMChannel | PartialMessageable | GroupChannel" has no attribute "purge"  [union-attr]
src\cogs\features\anti_spam.py:75: error: Item "PartialMessageable" of "TextChannel | VoiceChannel | StageChannel | Thread | DMChannel | PartialMessageable | GroupChannel" has no attribute "purge"  [union-attr]
src\cogs\features\anti_spam.py:75: error: Item "GroupChannel" of "TextChannel | VoiceChannel | StageChannel | Thread | DMChannel | PartialMessageable | GroupChannel" has no attribute "purge"  [union-attr]
src\cogs\features\anti_spam.py:87: error: Item "User" of "User | Member" has no attribute "timeout"  [union-attr]
src\cogs\features\anti_spam.py:89: error: Item "DMChannel" of "TextChannel | VoiceChannel | StageChannel | Thread | DMChannel | PartialMessageable | GroupChannel" has no attribute "purge"  [union-attr]
src\cogs\features\anti_spam.py:89: error: Item "PartialMessageable" of "TextChannel | VoiceChannel | StageChannel | Thread | DMChannel | PartialMessageable | GroupChannel" has no attribute "purge"  [union-attr]
src\cogs\features\anti_spam.py:89: error: Item "GroupChannel" of "TextChannel | VoiceChannel | StageChannel | Thread | DMChannel | PartialMessageable | GroupChannel" has no attribute "purge"  [union-attr]
src\cogs\features\anti_spam.py:98: error: Item "DMChannel" of "TextChannel | VoiceChannel | StageChannel | Thread | DMChannel | PartialMessageable | GroupChannel" has no attribute "purge"  [union-attr]
src\cogs\features\anti_spam.py:98: error: Item "PartialMessageable" of "TextChannel | VoiceChannel | StageChannel | Thread | DMChannel | PartialMessageable | GroupChannel" has no attribute "purge"  [union-attr]
src\cogs\features\anti_spam.py:98: error: Item "GroupChannel" of "TextChannel | VoiceChannel | StageChannel | Thread | DMChannel | PartialMessageable | GroupChannel" has no attribute "purge"  [union-attr]
src\cogs\features\anti_spam.py:104: error: Item "None" of "Guild | None" has no attribute "kick"  [union-attr]
src\cogs\features\anti_spam.py:108: error: Item "None" of "Guild | None" has no attribute "ban"  [union-attr]
src\cogs\features\anti_spam.py:115: error: Argument 1 to "_activate_lockdown" of "AntiSpam" has incompatible type "Guild | None"; expected "Guild"  [arg-type]
src\cogs\features\anti_spam.py:124: error: Function is missing a return type annotation  [no-untyped-def]
src\cogs\features\anti_spam.py:137: error: Trying to assign name "send_messages" that is not in "__slots__" of type "discord.permissions.PermissionOverwrite"  [misc]
src\cogs\features\anti_spam.py:147: error: Function is missing a return type annotation  [no-untyped-def]
src\cogs\features\anti_spam.py:157: error: Trying to assign name "send_messages" that is not in "__slots__" of type "discord.permissions.PermissionOverwrite"  [misc]
src\cogs\features\anti_spam.py:169: error: Function is missing a return type annotation  [no-untyped-def]
src\cogs\features\anti_spam.py:194: error: Argument "member" to "check_message" of "AntiSpamManager" has incompatible type "User | Member"; expected "Member | None"  [arg-type]
src\cogs\features\anti_spam.py:249: error: Function is missing a return type annotation  [no-untyped-def]
src\cogs\features\anti_spam.py:284: error: Function is missing a return type annotation  [no-untyped-def]
src\cogs\features\anti_spam.py:287: error: Argument 1 to "update_settings" of "AntiSpamManager" has incompatible type "int | None"; expected "int"  [arg-type]
src\cogs\features\anti_spam.py:305: error: Function is missing a return type annotation  [no-untyped-def]
src\cogs\features\anti_spam.py:320: error: Argument 1 to "update_settings" of "AntiSpamManager" has incompatible type "int | None"; expected "int"  [arg-type]
src\cogs\features\anti_spam.py:345: error: Function is missing a return type annotation  [no-untyped-def]
src\cogs\features\anti_spam.py:361: error: Argument 1 to "update_settings" of "AntiSpamManager" has incompatible type "int | None"; expected "int"  [arg-type]
src\cogs\features\anti_spam.py:387: error: Function is missing a return type annotation  [no-untyped-def]
src\cogs\features\anti_spam.py:402: error: Argument 1 to "update_settings" of "AntiSpamManager" has incompatible type "int | None"; expected "int"  [arg-type]
src\cogs\features\anti_spam.py:428: error: Function is missing a return type annotation  [no-untyped-def]
src\cogs\features\anti_spam.py:445: error: Argument 1 to "update_settings" of "AntiSpamManager" has incompatible type "int | None"; expected "int"  [arg-type]
src\cogs\features\anti_spam.py:476: error: Function is missing a return type annotation  [no-untyped-def]
src\cogs\features\anti_spam.py:492: error: Argument 1 to "update_settings" of "AntiSpamManager" has incompatible type "int | None"; expected "int"  [arg-type]
src\cogs\features\anti_spam.py:518: error: Function is missing a return type annotation  [no-untyped-def]
src\cogs\features\anti_spam.py:528: error: Argument 1 to "update_settings" of "AntiSpamManager" has incompatible type "int | None"; expected "int"  [arg-type]
src\cogs\features\anti_spam.py:555: error: Function is missing a return type annotation  [no-untyped-def]
src\cogs\features\anti_spam.py:559: error: Incompatible default for parameter "role" (default has type "None", parameter has type "Role")  [assignment]
src\cogs\features\anti_spam.py:559: note: PEP 484 prohibits implicit Optional. Accordingly, mypy has changed its default to no_implicit_optional=True
src\cogs\features\anti_spam.py:559: note: Use https://github.com/hauntsaninja/no_implicit_optional to automatically upgrade your codebase
src\cogs\features\anti_spam.py:560: error: Incompatible default for parameter "channel" (default has type "None", parameter has type "TextChannel")  [assignment]
src\cogs\features\anti_spam.py:560: note: PEP 484 prohibits implicit Optional. Accordingly, mypy has changed its default to no_implicit_optional=True
src\cogs\features\anti_spam.py:560: note: Use https://github.com/hauntsaninja/no_implicit_optional to automatically upgrade your codebase
src\cogs\features\anti_spam.py:575: error: Argument 1 to "get_settings" of "AntiSpamManager" has incompatible type "int | None"; expected "int"  [arg-type]
src\cogs\features\anti_spam.py:599: error: Call to untyped function "_save_all_settings" in typed context  [no-untyped-call]
src\cogs\features\anti_spam.py:609: error: Function is missing a return type annotation  [no-untyped-def]
src\cogs\features\anti_spam.py:611: error: Argument 1 to "is_lockdown" of "AntiSpamManager" has incompatible type "int | None"; expected "int"  [arg-type]
src\cogs\features\anti_spam.py:618: error: Argument 1 to "_deactivate_lockdown" of "AntiSpam" has incompatible type "Guild | None"; expected "Guild"  [arg-type]
src\cogs\features\anti_spam.py:628: error: Argument 1 to "_send_log" of "AntiSpam" has incompatible type "int | None"; expected "int"  [arg-type]
src\cogs\features\anti_spam.py:637: error: Function is missing a return type annotation  [no-untyped-def]
src\cogs\features\anti_spam.py:640: error: Argument 1 to "get_settings" of "AntiSpamManager" has incompatible type "int | None"; expected "int"  [arg-type]
src\cogs\features\anti_spam.py:644: error: Argument 1 to "is_lockdown" of "AntiSpamManager" has incompatible type "int | None"; expected "int"  [arg-type]
src\cogs\features\anti_spam.py:734: error: Function is missing a return type annotation  [no-untyped-def]
src\cogs\features\anti_spam.py:740: error: Argument 1 to "update_settings" of "AntiSpamManager" has incompatible type "int | None"; expected "int"  [arg-type]
src\cogs\features\anti_spam.py:750: error: Argument 1 has incompatible type "Callable[[AntiSpam, Any, bool, int, int, str], Coroutine[Any, Any, Any]]"; expected "def (Never, Never, /, *Never, **Never) -> Coroutine[Any, Any, Never] | def (Never, /, *Never, **Never) -> Coroutine[Any, Any, Never]"  [arg-type]
src\cogs\features\anti_spam.py:754: error: Function is missing a return type annotation  [no-untyped-def]
src\cogs\features\anti_spam.py:754: error: Function is missing a type annotation for one or more parameters  [no-untyped-def]
src\cogs\features\anti_spam.py:791: error: Argument 1 has incompatible type "Callable[[AntiSpam, Any], Coroutine[Any, Any, Any]]"; expected "def (Never, Never, /, *Never, **Never) -> Coroutine[Any, Any, Never] | def (Never, /, *Never, **Never) -> Coroutine[Any, Any, Never]"  [arg-type]
src\cogs\features\anti_spam.py:795: error: Function is missing a type annotation  [no-untyped-def]
src\cogs\features\anti_spam.py:819: error: Function is missing a return type annotation  [no-untyped-def]
src\cogs\core\report.py:20: error: Need type annotation for "days"  [var-annotated]
src\cogs\core\report.py:28: error: Need type annotation for "hours"  [var-annotated]
src\cogs\core\report.py:36: error: Need type annotation for "minutes"  [var-annotated]
src\cogs\core\report.py:44: error: Need type annotation for "reason"  [var-annotated]
src\cogs\core\report.py:57: error: Function is missing a return type annotation  [no-untyped-def]
src\cogs\core\report.py:70: error: Argument 2 to "execute_mute" of "ReportService" has incompatible type "User | Member"; expected "User"  [arg-type]
src\cogs\core\report.py:77: error: Argument 2 to "build_mute_embed" of "ReportService" has incompatible type "User | Member"; expected "User"  [arg-type]
src\cogs\core\report.py:86: error: Need type annotation for "temp_ban"  [var-annotated]
src\cogs\core\report.py:93: error: Need type annotation for "temp_duration"  [var-annotated]
src\cogs\core\report.py:100: error: Need type annotation for "delete_days"  [var-annotated]
src\cogs\core\report.py:108: error: Need type annotation for "reason"  [var-annotated]
src\cogs\core\report.py:121: error: Function is missing a return type annotation  [no-untyped-def]
src\cogs\core\report.py:133: error: Argument 2 to "execute_ban" of "ReportService" has incompatible type "User | Member"; expected "User"  [arg-type]
src\cogs\core\report.py:145: error: Argument 2 to "build_ban_embed" of "ReportService" has incompatible type "User | Member"; expected "User"  [arg-type]
src\cogs\core\report.py:154: error: Need type annotation for "warn_count"  [var-annotated]
src\cogs\core\report.py:162: error: Need type annotation for "reason"  [var-annotated]
src\cogs\core\report.py:175: error: Function is missing a return type annotation  [no-untyped-def]
src\cogs\core\report.py:184: error: Item "None" of "Guild | None" has no attribute "name"  [union-attr]
src\cogs\core\report.py:187: error: Argument 2 to "build_warn_result_embed" of "ReportService" has incompatible type "User | Member"; expected "User"  [arg-type]
src\cogs\core\report.py:203: error: Item "User" of "User | Member" has no attribute "guild_permissions"  [union-attr]
src\cogs\core\report.py:211: error: Function is missing a return type annotation  [no-untyped-def]
src\cogs\core\report.py:211: error: Missing type arguments for generic type "Button"  [type-arg]
src\cogs\core\report.py:219: error: Function is missing a return type annotation  [no-untyped-def]
src\cogs\core\report.py:219: error: Missing type arguments for generic type "Button"  [type-arg]
src\cogs\core\report.py:227: error: Function is missing a return type annotation  [no-untyped-def]
src\cogs\core\report.py:227: error: Missing type arguments for generic type "Button"  [type-arg]
src\cogs\core\report.py:248: error: Function is missing a return type annotation  [no-untyped-def]
src\cogs\core\report.py:248: note: Use "-> None" if function does not return a value
src\cogs\core\report.py:254: error: Function is missing a return type annotation  [no-untyped-def]
src\cogs\core\report.py:318: error: Item "DMChannel" of "TextChannel | VoiceChannel | StageChannel | Thread | DMChannel | PartialMessageable | GroupChannel" has no attribute "mention"  [union-attr]
src\cogs\core\report.py:318: error: Item "GroupChannel" of "TextChannel | VoiceChannel | StageChannel | Thread | DMChannel | PartialMessageable | GroupChannel" has no attribute "mention"  [union-attr]
src\cogs\core\report.py:357: error: Item "ForumChannel" of "VoiceChannel | StageChannel | ForumChannel | TextChannel | CategoryChannel" has no attribute "send"  [union-attr]
src\cogs\core\report.py:357: error: Item "CategoryChannel" of "VoiceChannel | StageChannel | ForumChannel | TextChannel | CategoryChannel" has no attribute "send"  [union-attr]
src\cogs\core\report.py:364: error: Item "ForumChannel" of "VoiceChannel | StageChannel | ForumChannel | TextChannel | CategoryChannel" has no attribute "send"  [union-attr]
src\cogs\core\report.py:364: error: Item "CategoryChannel" of "VoiceChannel | StageChannel | ForumChannel | TextChannel | CategoryChannel" has no attribute "send"  [union-attr]
src\cogs\core\report.py:377: error: Function is missing a return type annotation  [no-untyped-def]
src\cogs\core\report.py:381: error: Item "None" of "Guild | None" has no attribute "id"  [union-attr]
src\cogs\core\report.py:392: error: Function is missing a return type annotation  [no-untyped-def]
src\cogs\core\report.py:394: error: Item "None" of "Guild | None" has no attribute "id"  [union-attr]
src\cogs\core\report.py:396: error: Item "None" of "Guild | None" has no attribute "get_channel"  [union-attr]
src\cogs\core\report.py:412: error: Function is missing a return type annotation  [no-untyped-def]
src\cogs\core\message_logger.py:22: error: Call to untyped function "ensure_data_dir" in typed context  [no-untyped-call]
src\cogs\core\message_logger.py:25: error: Function is missing a return type annotation  [no-untyped-def]
src\cogs\core\message_logger.py:25: note: Use "-> None" if function does not return a value
src\cogs\core\message_logger.py:29: error: Function is missing a return type annotation  [no-untyped-def]
src\cogs\core\message_logger.py:29: note: Use "-> None" if function does not return a value
src\cogs\core\message_logger.py:42: error: Function is missing a return type annotation  [no-untyped-def]
src\cogs\core\message_logger.py:57: error: Function is missing a return type annotation  [no-untyped-def]
src\cogs\core\message_logger.py:62: error: Item "None" of "Guild | None" has no attribute "id"  [union-attr]
src\cogs\core\message_logger.py:105: error: Item "None" of "Guild | None" has no attribute "name"  [union-attr]
src\cogs\core\message_logger.py:117: error: "Cog" has no attribute "trigger_edit_achievement"  [attr-defined]
src\cogs\core\message_logger.py:125: error: Function is missing a return type annotation  [no-untyped-def]
src\cogs\core\message_logger.py:130: error: Item "None" of "Guild | None" has no attribute "id"  [union-attr]
src\cogs\core\message_logger.py:170: error: Item "None" of "Guild | None" has no attribute "name"  [union-attr]
src\cogs\core\message_logger.py:179: error: "Cog" has no attribute "trigger_delete_achievement"  [attr-defined]
src\cogs\core\message_logger.py:193: error: Function is missing a return type annotation  [no-untyped-def]
src\cogs\core\message_logger.py:197: error: Item "User" of "User | Member" has no attribute "guild_permissions"  [union-attr]
src\cogs\core\message_logger.py:203: error: Argument 1 to "set_log_channel_id" of "MessageLogService" has incompatible type "int | None"; expected "int"  [arg-type]
src\cogs\core\message_logger.py:212: error: Function is missing a return type annotation  [no-untyped-def]
src\cogs\games\russian_roulette.py:17: error: Missing type arguments for generic type "Dict"  [type-arg]
src\cogs\games\russian_roulette.py:27: error: Function is missing a return type annotation  [no-untyped-def]
src\cogs\games\russian_roulette.py:27: note: Use "-> None" if function does not return a value
src\cogs\games\russian_roulette.py:41: error: Function is missing a return type annotation  [no-untyped-def]
src\cogs\games\russian_roulette.py:42: error: Missing type arguments for generic type "Button"  [type-arg]
src\cogs\games\russian_roulette.py:85: error: Call to untyped function "_end_game" in typed context  [no-untyped-call]
src\cogs\games\russian_roulette.py:88: error: Call to untyped function "_show_game_status" in typed context  [no-untyped-call]
src\cogs\games\russian_roulette.py:103: error: Call to untyped function "_show_game_status" in typed context  [no-untyped-call]
src\cogs\games\russian_roulette.py:106: error: Function is missing a return type annotation  [no-untyped-def]
src\cogs\games\russian_roulette.py:106: error: Missing type arguments for generic type "Button"  [type-arg]
src\cogs\games\russian_roulette.py:153: error: Function is missing a return type annotation  [no-untyped-def]
src\cogs\games\russian_roulette.py:153: note: Use "-> None" if function does not return a value
src\cogs\games\russian_roulette.py:184: error: Function is missing a return type annotation  [no-untyped-def]
src\cogs\games\russian_roulette.py:184: note: Use "-> None" if function does not return a value
src\cogs\games\russian_roulette.py:235: error: Need type annotation for "button"  [var-annotated]
src\cogs\games\russian_roulette.py:236: error: Cannot assign to a method  [method-assign]
src\cogs\games\russian_roulette.py:239: error: Function is missing a return type annotation  [no-untyped-def]
src\cogs\games\russian_roulette.py:242: error: Function is missing a return type annotation  [no-untyped-def]
src\cogs\games\russian_roulette.py:253: error: Function is missing a return type annotation  [no-untyped-def]
src\cogs\games\russian_roulette.py:281: error: Name "random" is not defined  [name-defined]
src\cogs\games\russian_roulette.py:333: error: Function is missing a return type annotation  [no-untyped-def]
src\cogs\games\russian_roulette.py:338: error: Item "None" of "VoiceChannel | StageChannel | TextChannel | ForumChannel | CategoryChannel | Thread | DMChannel | GroupChannel | None" has no attribute "id"  [union-attr]
src\cogs\games\russian_roulette.py:358: error: Argument 1 to "RouletteGame" has incompatible type "VoiceChannel | StageChannel | TextChannel | ForumChannel | CategoryChannel | Thread | DMChannel | GroupChannel | None"; expected "TextChannel"  [arg-type]
src\cogs\games\russian_roulette.py:358: error: Argument 2 to "RouletteGame" has incompatible type "User | Member"; expected "Member"  [arg-type]
src\cogs\games\russian_roulette.py:359: error: Item "None" of "VoiceChannel | StageChannel | TextChannel | ForumChannel | CategoryChannel | Thread | DMChannel | GroupChannel | None" has no attribute "id"  [union-attr]
src\cogs\games\russian_roulette.py:392: error: Function is missing a return type annotation  [no-untyped-def]
src\cogs\games\russian_roulette.py:392: note: Use "-> None" if function does not return a value
src\cogs\games\russian_roulette.py:405: error: Function is missing a return type annotation  [no-untyped-def]
src\cogs\games\russian_roulette.py:405: error: Missing type arguments for generic type "Button"  [type-arg]
src\cogs\games\russian_roulette.py:438: error: Function is missing a return type annotation  [no-untyped-def]
src\cogs\games\russian_roulette.py:438: error: Missing type arguments for generic type "Button"  [type-arg]
src\cogs\games\russian_roulette.py:459: error: Function is missing a return type annotation  [no-untyped-def]
src\cogs\games\deep_sea_oxygen.py:27: error: Function is missing a return type annotation  [no-untyped-def]
src\cogs\games\deep_sea_oxygen.py:27: note: Use "-> None" if function does not return a value
src\cogs\games\deep_sea_oxygen.py:41: error: Function is missing a return type annotation  [no-untyped-def]
src\cogs\games\deep_sea_oxygen.py:42: error: Missing type arguments for generic type "Button"  [type-arg]
src\cogs\games\deep_sea_oxygen.py:62: error: Argument 3 to "OxygenSelectView" has incompatible type "User | Member"; expected "Member"  [arg-type]
src\cogs\games\deep_sea_oxygen.py:94: error: Function is missing a return type annotation  [no-untyped-def]
src\cogs\games\deep_sea_oxygen.py:94: error: Missing type arguments for generic type "Button"  [type-arg]
src\cogs\games\deep_sea_oxygen.py:119: error: Argument 3 to "ItemSelectView" has incompatible type "User | Member"; expected "Member"  [arg-type]
src\cogs\games\deep_sea_oxygen.py:143: error: Function is missing a return type annotation  [no-untyped-def]
src\cogs\games\deep_sea_oxygen.py:144: error: Missing type arguments for generic type "Button"  [type-arg]
src\cogs\games\deep_sea_oxygen.py:207: error: Need type annotation for "button"  [var-annotated]
src\cogs\games\deep_sea_oxygen.py:211: error: Cannot assign to a method  [method-assign]
src\cogs\games\deep_sea_oxygen.py:214: error: Function is missing a return type annotation  [no-untyped-def]
src\cogs\games\deep_sea_oxygen.py:217: error: Function is missing a return type annotation  [no-untyped-def]
src\cogs\games\deep_sea_oxygen.py:237: error: Call to untyped function "_reveal_round_results" in typed context  [no-untyped-call]
src\cogs\games\deep_sea_oxygen.py:243: error: Function is missing a return type annotation  [no-untyped-def]
src\cogs\games\deep_sea_oxygen.py:243: note: Use "-> None" if function does not return a value
src\cogs\games\deep_sea_oxygen.py:291: error: Call to untyped function "_check_death_condition" in typed context  [no-untyped-call]
src\cogs\games\deep_sea_oxygen.py:299: error: Call to untyped function "_end_game" in typed context  [no-untyped-call]
src\cogs\games\deep_sea_oxygen.py:301: error: Function is missing a return type annotation  [no-untyped-def]
src\cogs\games\deep_sea_oxygen.py:301: note: Use "-> None" if function does not return a value
src\cogs\games\deep_sea_oxygen.py:325: error: Function is missing a return type annotation  [no-untyped-def]
src\cogs\games\deep_sea_oxygen.py:325: note: Use "-> None" if function does not return a value
src\cogs\games\deep_sea_oxygen.py:399: error: Need type annotation for "button"  [var-annotated]
src\cogs\games\deep_sea_oxygen.py:400: error: Cannot assign to a method  [method-assign]
src\cogs\games\deep_sea_oxygen.py:403: error: Function is missing a return type annotation  [no-untyped-def]
src\cogs\games\deep_sea_oxygen.py:406: error: Function is missing a return type annotation  [no-untyped-def]
src\cogs\games\deep_sea_oxygen.py:417: error: Function is missing a return type annotation  [no-untyped-def]
src\cogs\games\deep_sea_oxygen.py:460: error: Call to untyped function "_check_immediate_death" in typed context  [no-untyped-call]
src\cogs\games\deep_sea_oxygen.py:464: error: Function is missing a return type annotation  [no-untyped-def]
src\cogs\games\deep_sea_oxygen.py:464: note: Use "-> None" if function does not return a value
src\cogs\games\deep_sea_oxygen.py:497: error: Function is missing a return type annotation  [no-untyped-def]
src\cogs\games\deep_sea_oxygen.py:502: error: Item "None" of "VoiceChannel | StageChannel | TextChannel | ForumChannel | CategoryChannel | Thread | DMChannel | GroupChannel | None" has no attribute "id"  [union-attr]
src\cogs\games\deep_sea_oxygen.py:522: error: Argument 1 to "OxygenGame" has incompatible type "VoiceChannel | StageChannel | TextChannel | ForumChannel | CategoryChannel | Thread | DMChannel | GroupChannel | None"; expected "TextChannel"  [arg-type]
src\cogs\games\deep_sea_oxygen.py:522: error: Argument 2 to "OxygenGame" has incompatible type "User | Member"; expected "Member"  [arg-type]
src\cogs\games\deep_sea_oxygen.py:523: error: Item "None" of "VoiceChannel | StageChannel | TextChannel | ForumChannel | CategoryChannel | Thread | DMChannel | GroupChannel | None" has no attribute "id"  [union-attr]
src\cogs\games\deep_sea_oxygen.py:556: error: Function is missing a return type annotation  [no-untyped-def]
src\cogs\games\deep_sea_oxygen.py:556: note: Use "-> None" if function does not return a value
src\cogs\games\deep_sea_oxygen.py:569: error: Function is missing a return type annotation  [no-untyped-def]
src\cogs\games\deep_sea_oxygen.py:569: error: Missing type arguments for generic type "Button"  [type-arg]
src\cogs\games\deep_sea_oxygen.py:610: error: Function is missing a return type annotation  [no-untyped-def]
src\cogs\games\deep_sea_oxygen.py:610: error: Missing type arguments for generic type "Button"  [type-arg]
src\cogs\games\deep_sea_oxygen.py:631: error: Function is missing a return type annotation  [no-untyped-def]
src\cogs\core\blacklist.py:22: error: Need type annotation for "reason"  [var-annotated]
src\cogs\core\blacklist.py:35: error: Function is missing a return type annotation  [no-untyped-def]
src\cogs\core\blacklist.py:38: error: "Bot" has no attribute "blacklist_manager"  [attr-defined]
src\cogs\core\blacklist.py:41: error: Argument 3 to "accept_appeal" of "BlacklistService" has incompatible type "User | Member"; expected "User"  [arg-type]
src\cogs\core\blacklist.py:45: error: Item "None" of "Message | None" has no attribute "embeds"  [union-attr]
src\cogs\core\blacklist.py:50: error: Argument 1 to "build_accept_footer" of "BlacklistService" has incompatible type "User | Member"; expected "User"  [arg-type]
src\cogs\core\blacklist.py:52: error: Item "None" of "Message | None" has no attribute "edit"  [union-attr]
src\cogs\core\blacklist.py:85: error: Function is missing a return type annotation  [no-untyped-def]
src\cogs\core\blacklist.py:85: error: Missing type arguments for generic type "Button"  [type-arg]
src\cogs\core\blacklist.py:99: error: Function is missing a return type annotation  [no-untyped-def]
src\cogs\core\blacklist.py:99: error: Missing type arguments for generic type "Button"  [type-arg]
src\cogs\core\blacklist.py:107: error: "Bot" has no attribute "blacklist_manager"  [attr-defined]
src\cogs\core\blacklist.py:108: error: Argument 3 to "reject_appeal" of "BlacklistService" has incompatible type "User | Member"; expected "User"  [arg-type]
src\cogs\core\blacklist.py:110: error: Item "None" of "Message | None" has no attribute "embeds"  [union-attr]
src\cogs\core\blacklist.py:114: error: Argument 1 to "build_reject_footer" of "BlacklistService" has incompatible type "User | Member"; expected "User"  [arg-type]
src\cogs\core\blacklist.py:115: error: Item "None" of "Message | None" has no attribute "edit"  [union-attr]
src\cogs\core\blacklist.py:144: error: Function is missing a return type annotation  [no-untyped-def]
src\cogs\core\blacklist.py:144: error: Missing type arguments for generic type "Button"  [type-arg]
src\cogs\core\blacklist.py:146: error: "Bot" has no attribute "blacklist_manager"  [attr-defined]
src\cogs\core\blacklist.py:149: error: Argument 2 to "submit_appeal" of "BlacklistService" has incompatible type "User | Member"; expected "User"  [arg-type]
src\cogs\core\blacklist.py:168: error: Argument 1 to "build_review_embed" of "BlacklistService" has incompatible type "User | Member"; expected "User"  [arg-type]
src\cogs\core\blacklist.py:192: error: Function is missing a return type annotation  [no-untyped-def]
src\cogs\core\blacklist.py:192: note: Use "-> None" if function does not return a value
src\cogs\core\blacklist.py:199: error: Function is missing a return type annotation  [no-untyped-def]
src\cogs\core\blacklist.py:201: error: "Bot" has no attribute "blacklist_manager"  [attr-defined]
src\cogs\core\blacklist.py:204: error: Argument 2 to "submit_appeal" of "BlacklistService" has incompatible type "User | Member"; expected "User"  [arg-type]
src\cogs\core\blacklist.py:217: error: Argument 1 to "build_review_embed" of "BlacklistService" has incompatible type "User | Member"; expected "User"  [arg-type]
src\cogs\core\blacklist.py:231: error: Function is missing a return type annotation  [no-untyped-def]
src\cogs\core\blacklist.py:233: error: "Bot" has no attribute "blacklist_manager"  [attr-defined]
src\cogs\core\blacklist.py:286: error: Function is missing a return type annotation  [no-untyped-def]
src\cogs\core\blacklist.py:291: error: Incompatible default for parameter "mode" (default has type "None", parameter has type "Choice[str]")  [assignment]
src\cogs\core\blacklist.py:291: note: PEP 484 prohibits implicit Optional. Accordingly, mypy has changed its default to no_implicit_optional=True
src\cogs\core\blacklist.py:291: note: Use https://github.com/hauntsaninja/no_implicit_optional to automatically upgrade your codebase
src\cogs\core\blacklist.py:301: error: "Bot" has no attribute "blacklist_manager"  [attr-defined]
src\cogs\core\blacklist.py:317: error: Function is missing a return type annotation  [no-untyped-def]
src\cogs\core\blacklist.py:325: error: "Bot" has no attribute "blacklist_manager"  [attr-defined]
src\cogs\core\blacklist.py:337: error: Function is missing a return type annotation  [no-untyped-def]
src\cogs\core\blacklist.py:345: error: "Bot" has no attribute "blacklist_manager"  [attr-defined]
src\cogs\core\blacklist.py:370: error: Function is missing a return type annotation  [no-untyped-def]
src\cogs\core\blacklist.py:378: error: "Bot" has no attribute "blacklist_manager"  [attr-defined]
src\cogs\core\blacklist.py:421: error: Function is missing a return type annotation  [no-untyped-def]
src\bot.py:17: error: Incompatible types in assignment (expression has type "Client", variable has type "Bot")  [assignment]
src\bot.py:57: error: Argument 1 to "BlockedNoticeView" has incompatible type "Cog"; expected "Blacklist"  [arg-type]
src\bot.py:58: error: Argument "view" to "send_message" of "InteractionResponse" has incompatible type "BlockedNoticeView | None"; expected "View"  [arg-type]
src\bot.py:63: error: Function is missing a return type annotation  [no-untyped-def]
src\bot.py:63: note: Use "-> None" if function does not return a value
src\bot.py:76: error: Argument 1 to "BlacklistManager" has incompatible type "str | None"; expected "str"  [arg-type]
src\bot.py:78: error: Function is missing a return type annotation  [no-untyped-def]
src\bot.py:78: note: Use "-> None" if function does not return a value
src\bot.py:79: error: Call to untyped function "setup" in typed context  [no-untyped-call]
src\bot.py:80: error: Call to untyped function "load_cogs" in typed context  [no-untyped-call]
src\bot.py:83: error: Function is missing a return type annotation  [no-untyped-def]
src\bot.py:83: note: Use "-> None" if function does not return a value
src\bot.py:84: error: Call to untyped function "close" in typed context  [no-untyped-call]
src\bot.py:87: error: Function is missing a return type annotation  [no-untyped-def]
src\bot.py:87: note: Use "-> None" if function does not return a value
src\bot.py:105: error: Function is missing a return type annotation  [no-untyped-def]
src\bot.py:135: error: Argument 1 to "BlockedNoticeView" has incompatible type "Cog"; expected "Blacklist"  [arg-type]
src\bot.py:136: error: Argument "view" to "reply" of "PartialMessage" has incompatible type "BlockedNoticeView | None"; expected "View"  [arg-type]
src\bot.py:140: error: Function is missing a return type annotation  [no-untyped-def]
src\main.py:22: error: Function is missing a type annotation  [no-untyped-def]
src\main.py:28: error: Function is missing a return type annotation  [no-untyped-def]
src\main.py:28: note: Use "-> None" if function does not return a value
src\main.py:31: error: Call to untyped function "init_database_manager" in typed context  [no-untyped-call]
src\main.py:53: error: Function is missing a return type annotation  [no-untyped-def]
src\main.py:53: note: Use "-> None" if function does not return a value
src\main.py:86: error: Call to untyped function "ensure_data_dir" in typed context  [no-untyped-call]
src\main.py:89: error: Call to untyped function "Bot" in typed context  [no-untyped-call]
src\main.py:92: error: Function is missing a return type annotation  [no-untyped-def]
src\main.py:92: note: Use "-> None" if function does not return a value
src\main.py:93: error: Call to untyped function "initialize_optimizations" in typed context  [no-untyped-call]
src\main.py:114: error: Call to untyped function "close" in typed context  [no-untyped-call]
src\main.py:125: error: Call to untyped function "main" in typed context  [no-untyped-call]
services\osu_api\app.py:9: error: Skipping analyzing "ossapi": module is installed, but missing library stubs or py.typed marker  [import-untyped]
services\osu_api\app.py:22: error: Function is missing a return type annotation  [no-untyped-def]
services\osu_api\app.py:39: error: Function is missing a return type annotation  [no-untyped-def]
services\osu_api\app.py:52: error: Function is missing a return type annotation  [no-untyped-def]
services\osu_api\app.py:56: error: Function is missing a type annotation for one or more parameters  [no-untyped-def]
services\osu_api\app.py:56: error: Missing type arguments for generic type "dict"  [type-arg]
services\osu_api\app.py:67: error: Item "None" of "Any | None" has no attribute "isoformat"  [union-attr]
services\osu_api\app.py:94: error: Function is missing a type annotation for one or more parameters  [no-untyped-def]
services\osu_api\app.py:94: error: Missing type arguments for generic type "dict"  [type-arg]
services\osu_api\app.py:102: error: Item "None" of "Any | None" has no attribute "isoformat"  [union-attr]
services\osu_api\app.py:134: error: Function is missing a return type annotation  [no-untyped-def]
services\osu_api\app.py:139: error: Function is missing a return type annotation  [no-untyped-def]
services\osu_api\app.py:159: error: Function is missing a return type annotation  [no-untyped-def]
services\osu_api\app.py:184: error: Function is missing a return type annotation  [no-untyped-def]
Found 1101 errors in 54 files (checked 70 source files)
